날짜,유명인 순위,이름,대표 직업유명 작품
03-01,1,Javier Bardem,Actor,Skyfall (2012)
03-01,2,Jensen Ackles,Actor,Supernatural (2005–2020)
03-01,3,Lupita Nyong'o,Actress,12 Years a Slave (2013)
03-01,4,Zack Snyder,Director,300 (2006)
03-01,5,Ron Howard,Producer,Arrested Development (2003–2019)
03-01,6,Mark-Paul Gosselaar,Actor,Franklin & Bash (2011–2014)
03-01,7,Tim Daly,Actor,Basic (2003)
03-01,8,Jack Davenport,Actor,Pirates of the Caribbean: Dead Man's Chest (2006)
03-01,9,Cara Buono,Actress,Stranger Things (2016–2025)
03-01,10,Ma Dong-seok,Actor,Train to Busan (2016)
03-01,11,Madeline Wise,Actress,So Help Me Todd (2022–2024)
03-01,12,Joe Tippett,Actor,Mare of Easttown (2021– )
03-01,13,Joan Hackett,Actress,The Last of Sheila (1973)
03-01,14,George Eads,Actor,CSI: Crime Scene Investigation (2000–2015)
03-01,15,David Niven,Actor,Murder by Death (1976)
03-01,16,Robert Conrad,Actor,Jingle All the Way (1996)
03-01,17,Catherine Bach,Actress,The Dukes of Hazzard (1979–1985)
03-01,18,Ava Allan,Actress,Pretty Little Liars (2017– )
03-01,19,Dirk Benedict,Actor,The A-Team (2010)
03-01,20,Emeraude Toubia,Actress,Shadowhunters (2016–2019)
03-01,21,Sean Gilder,Actor,King Arthur (2004)
03-01,22,Justin Bieber,Music Artist,Justin Bieber: Never Say Never (2011)
03-01,23,Lana Wood,Actress,Diamonds Are Forever (1971)
03-01,24,Jackson White,Actor,Mrs. Fletcher (2019– )
03-01,25,Dominic Rains,Actor,A Girl Walks Home Alone at Night (2014)
03-01,26,Marco Perego,Producer,The Absence of Eden (2023)
03-01,27,Zach Cregger,Actor,Barbarian (2022)
03-01,28,Alan Thicke,Music Department,Growing Pains (1985–1992)
03-01,29,Luke Mably,Actor,28 Days Later (2002)
03-01,30,Brad Falchuk,Writer,Glee (2009–2015)
03-01,31,Daniella Monet,Actress,Nancy Drew (2007)
03-01,32,Chris Eigeman,Actor,Metropolitan (1989)
03-01,33,Russell Wong,Actor,Romeo Must Die (2000)
03-01,34,Kris Murrell,Actress,Grown Ups 2 (2013)
03-01,35,Sean McGinley,Actor,On a Clear Day (2005)
03-01,36,Joachim Trier,Director,Thelma (2017)
03-01,37,Harry Belafonte,Music Artist,Bobby (2006)
03-01,38,David Butler,Actor,Maze Runner: The Death Cure (2018)
03-01,39,Alec Utgoff,Actor,Stranger Things (2019– )
03-01,40,Otmara Marrero,Actress,Clementine (2019)
03-01,41,Amalda Liz,Actress,C U Soon (2020)
03-01,42,Parker Bates,Actor,This Is Us (2016–2022)
03-01,43,Yasmeen Fletcher,Actress,Ms. Marvel (2022– )
03-01,44,Karl Johnson,Actor,Hot Fuzz (2007)
03-01,45,Kim Min-hee,Actress,The Handmaiden (2016)
03-01,46,Adam LaVorgna,Actor,Brooklyn Bridge (1991–1993)
03-01,47,Roger Daltrey,Music Artist,Lisztomania (1975)
03-01,48,Maurice Benard,Actor,General Hospital (1993–2024)
03-01,49,Bryan Batt,Actor,Mad Men (2007–2009)
03-01,50,Cem Yigit Uzümoglu,Actor,LCV (Lütfen Cevap Veriniz) (2022)
03-02,1,Bryce Dallas Howard,Actress,Jurassic World: Dominion (2022)
03-02,2,Nathalie Emmanuel,Actress,Furious 7 (2015)
03-02,3,Daniel Craig,Actor,Casino Royale (2006)
03-02,4,Olwen Fouéré,Actress,The Northman (2022)
03-02,5,Becky G,Music Artist,Power Rangers (2017)
03-02,6,Esther Povitsky,Actress,Alone Together (2018– )
03-02,7,Rebel Wilson,Actress,Senior Year (2022)
03-02,8,Pilou Asbæk,Actor,Ghost in the Shell (2017)
03-02,9,Anna Enger Ritch,Actress,The Haunting of Hill House (2018– )
03-02,10,Stephane Fichet,Actor,The Gentlemen (2024– )
03-02,11,Lee Sun-kyun,Actor,Parasite (2019)
03-02,12,Robert Iler,Actor,The Sopranos (1999–2007)
03-02,13,Jeff Wadlow,Producer,Truth or Dare (2018)
03-02,14,John Cullum,Actor,Northern Exposure (1990–1995)
03-02,15,Gates McFadden,Actress,Star Trek: Picard (2023– )
03-02,16,Ethan Peck,Actor,In Time (2011)
03-02,17,T'Nia Miller,Actress,The Peripheral (2022– )
03-02,18,Jennifer Jones,Actress,The Towering Inferno (1974)
03-02,19,Lauren Wasser,Actress,Loudermilk (2017– )
03-02,20,BarBara Luna,Actress,One Life to Live (1986–1987)
03-02,21,Ingrid Bolsø Berdal,Actress,Hercules (2014)
03-02,22,Heather McComb,Actress,American Gigolo (2022– )
03-02,23,Jon Bon Jovi,Music Artist,Young Guns II (1990)
03-02,24,Blake Anderson,Actor,Workaholics (2011–2017)
03-02,25,Richard Ruccolo,Actor,"Two Guys, a Girl and a Pizza Place (1998–2001)"
03-02,26,Katherine Crawford,Actress,Gemini Man (1976– )
03-02,27,Laraine Newman,Actress,Coneheads (1993)
03-02,28,Desi Arnaz,Producer,I Love Lucy (1951–1957)
03-02,29,Method Man,Actor,How High (2001)
03-02,30,William Hope,Actor,Aliens (1986)
03-02,31,Amber Smith,Actress,L.A. Confidential (1997)
03-02,32,Ian Sinclair,Actor,Dragon Ball Z: Battle of Gods (2013)
03-02,33,Cassie Yates,Actress,Rolling Thunder (1977)
03-02,34,Maisie Richardson-Sellers,Actress,The Kissing Booth 2 (2020)
03-02,35,Hilarie Thompson,Actress,Nighthawks (1981)
03-02,36,Chris Martin,Music Artist,The Hunger Games: Catching Fire (2013)
03-02,37,Tiger Shroff,Actor,War (2019)
03-02,38,Kofi Siriboe,Actor,Queen Sugar (2016–2022)
03-02,39,Gordon Thomson,Actor,Dynasty (1982–1989)
03-02,40,Danielle Moné Truitt,Actress,Rebel (2017– )
03-02,41,Elizabeth Lackey,Actress,Planet of the Apes (2001)
03-02,42,Trent Garrett,Actor,Army of Thieves (2021)
03-02,43,Jon Finch,Actor,Frenzy (1972)
03-02,44,Michelle C,Actress,9-1-1: Lone Star (2022–2024)
03-02,45,Alexander Armstrong,Actor,The Armstrong and Miller Show (2007–2010)
03-02,46,Jake Picking,Actor,Hollywood (2020– )
03-02,47,Lee Hanee,Actress,The Rebel Hong Gil Dong (2017– )
03-02,48,Veronica Dunne,Actress,K.C. Undercover (2015–2018)
03-02,49,Molly Cheek,Actress,American Pie (1999)
03-02,50,Paul Popowich,Actor,Hemlock Grove (2013– )
03-03,1,Jessica Biel,Actress,The Illusionist (2006)
03-03,2,Julie Bowen,Actress,Happy Gilmore (1996)
03-03,3,Ólafur Darri Ólafsson,Actor,Eurovision Song Contest: The Story of Fire Saga (2020)
03-03,4,Katherine Waterston,Actress,Inherent Vice (2014)
03-03,5,Mercedes Mason,Actress,Fear the Walking Dead (2015–2017)
03-03,6,Laura Harring,Actress,Mulholland Drive (2001)
03-03,7,George Miller,Producer,Mad Max: Fury Road (2015)
03-03,8,Miranda Richardson,Actress,The Crying Game (1992)
03-03,9,Julia Schlaepfer,Actress,1923 (2022–2023)
03-03,10,Jared Rushton,Actor,Big (1988)
03-03,11,Camila Cabello,Music Artist,Cinderella (2021)
03-03,12,Aarti Mann,Actress,The Recruit (2022–2024)
03-03,13,David Faustino,Actor,Married... with Children (1987–1997)
03-03,14,Jean Harlow,Actress,China Seas (1935)
03-03,15,Mary Page Keller,Actress,Beginners (2010)
03-03,16,Oksana Lada,Actress,Safe (2012)
03-03,17,Patrick Renna,Actor,The Sandlot (1993)
03-03,18,Harry Richardson,Actor,Dunkirk (2017)
03-03,19,Heidi Swedberg,Actress,Galaxy Quest (1999)
03-03,20,Matthew Marsden,Actor,Rambo (2008)
03-03,21,Bobby Driscoll,Actor,Peter Pan (1953)
03-03,22,Juliette Angelo,Actress,The Trial of the Chicago 7 (2020)
03-03,23,Sarah Smart,Actress,Wallander (2008–2012)
03-03,24,Christian Oliver,Actor,Speed Racer (2008)
03-03,25,Thomas Barbusca,Actor,The Mick (2017–2018)
03-03,26,Sandy Martin,Actress,"Three Billboards Outside Ebbing, Missouri (2017)"
03-03,27,James Doohan,Actor,Star Trek (1966–1969)
03-03,28,Sean Bridgers,Actor,Room (2015)
03-03,29,Lee Radziwill,Actress,Laura (1968)
03-03,30,Susan Gallagher,Actress,Cobra Kai (2018–2021)
03-03,31,Kelly Reichardt,Director,Wendy and Lucy (2008)
03-03,32,Berkun Oya,Writer,Ethos (2020– )
03-03,33,Charlie Brooker,Writer,Black Mirror (2011–2025)
03-03,34,Barney Martin,Actor,Arthur (1981)
03-03,35,Inde Navarrette,Actress,Superman & Lois (2021–2023)
03-03,36,Larry Pine,Actor,The Royal Tenenbaums (2001)
03-03,37,Andrea Brooks,Actress,When Calls the Heart (2015–2023)
03-03,38,Gloria Hendry,Actress,Live and Let Die (1973)
03-03,39,Hope Marie Carlton,Actress,A Nightmare on Elm Street 4: The Dream Master (1988)
03-03,40,Hayley Marie Norman,Actress,Kenan (2022– )
03-03,41,Gia Scala,Actress,The Guns of Navarone (1961)
03-03,42,Reylynn Caster,Actress,The Young and the Restless (2021–2023)
03-03,43,Tone Loc,Actor,Heat (1995)
03-03,44,Alexis Fields,Actress,The Secret World of Alex Mack (1994–1997)
03-03,45,Robert Gossett,Actor,The Enemy Within (2019– )
03-03,46,Carsten Norgaard,Actor,The Man in the High Castle (2015–2018)
03-03,47,Ciaran Griffiths,Actor,Big Fat Gypsy Gangster (2011)
03-03,48,Na Young-hee,Actress,Forgotten (2017)
03-03,49,Tomas Milian,Actor,Traffic (2000)
03-03,50,Taylor Nichols,Actor,Metropolitan (1989)
03-04,1,Catherine O'Hara,Actress,A Mighty Wind (2003)
03-04,2,Daniel Roebuck,Actor,Getting Grace (2017)
03-04,3,Margo Harshman,Actress,Fired Up! (2009)
03-04,4,Patsy Kensit,Actress,Lethal Weapon 2 (1989)
03-04,5,Patricia Heaton,Actress,Everybody Loves Raymond (1996–2005)
03-04,6,Tamzin Merchant,Actress,Carnival Row (2019–2023)
03-04,7,Mykelti Williamson,Actor,Forrest Gump (1994)
03-04,8,Daniela Amavia,Actress,A Beautiful Now (2015)
03-04,9,Josh Bowman,Actor,Revenge (2011–2015)
03-04,10,Jenna Boyd,Actress,The Missing (2003)
03-04,11,Steven Weber,Actor,The Shining (1997– )
03-04,12,Kay Lenz,Actress,House (1985)
03-04,13,Jamie-Lee O'Donnell,Actress,Derry Girls (2018–2022)
03-04,14,Paul W,Writer,Resident Evil: Apocalypse (2004)
03-04,15,Sam Taylor-Johnson,Director,Nowhere Boy (2009)
03-04,16,Andrea Bowen,Actress,Desperate Housewives (2004–2012)
03-04,17,Park Min-Young,Actress,Seven Day Queen (2017– )
03-04,18,Scott Michael Foster,Actor,Crazy Ex-Girlfriend (2017–2019)
03-04,19,Paula Prentiss,Actress,Where the Boys Are (1960)
03-04,20,Anne Haney,Actress,Liar Liar (1997)
03-04,21,Will Hochman,Actor,The Greatest Beer Run Ever (2022)
03-04,22,Len Wiseman,Producer,Underworld (2003)
03-04,23,Amanda Collin,Actress,A Horrible Woman (2017)
03-04,24,Christine Baumgartner,,E! Live from the Red Carpet (2015– )
03-04,25,Brittney Powell,Actress,Trouble Is My Business (2018)
03-04,26,Joan Greenwood,Actress,Kind Hearts and Coronets (1949)
03-04,27,Lilli Cooper,Actress,Fraggle Rock: Back to the Rock (2022– )
03-04,28,Chaz Bono,Actor,American Horror Story (2016–2017)
03-04,29,Vinette Robinson,Actress,Sherlock (2010–2014)
03-04,30,Stacy Edwards,Actress,In the Company of Men (1997)
03-04,31,Garth Jennings,Director,Sing (2016)
03-04,32,Adrian Lyne,Director,Jacob's Ladder (1990)
03-04,33,Andrea Bendewald,Actress,Suddenly Susan (1997–1999)
03-04,34,Tomiwa Edun,Actor,What Happened to Monday (2017)
03-04,35,Audrey Esparza,Actress,Blindspot (2015–2020)
03-04,36,Barbara McNair,Actress,"If He Hollers, Let Him Go! (1968)"
03-04,37,Dominique Pinon,Actor,Delicatessen (1991)
03-04,38,Will Keen,Actor,Operation Mincemeat (2021)
03-04,39,Saloni Khanna,Actress,The Raikar Case (2020– )
03-04,40,Ronn Moss,Actor,Surprise Trip (2022)
03-04,41,Brooklyn Peltz Beckham,Actor,Underdogs (2013)
03-04,42,Abigail Mavity,Actress,Zeke and Luther (2009–2012)
03-04,43,Erin Heatherton,Actress,She's Funny That Way (2014)
03-04,44,Michael Goi,Cinematographer,Big Sky (2021– )
03-04,45,John Aprea,Actor,The Godfather Part II (1974)
03-04,46,Miya Cech,Actress,American Girl: Corinne Tan (2023)
03-04,47,John Garfield,Actor,Four Daughters (1938)
03-04,48,Thayer David,Actor,Rocky (1976)
03-04,49,Jon Xue Zhang,Actor,The Brothers Sun (2024– )
03-04,50,Bill Milner,Actor,Son of Rambow (2007)
03-05,1,Eva Mendes,Actress,The Other Guys (2010)
03-05,2,Jake Lloyd,Actor,Star Wars: Episode I - The Phantom Menace (1999)
03-05,3,Matt Lucas,Actor,Little Britain (2003–2006)
03-05,4,Jolene Blalock,Actress,Star Trek: Enterprise (2001–2005)
03-05,5,Riki Lindhome,Actress,The Last House on the Left (2009)
03-05,6,Dean Stockwell,Actor,Quantum Leap (1989–1993)
03-05,7,Yuri Lowenthal,Actor,Spider-Man (2018)
03-05,8,Molly McNearney,Writer,Murder Mystery (2019)
03-05,9,Karolina Wydra,Actress,Europa Report (2013)
03-05,10,Kevin Connolly,Actor,Entourage (2004–2011)
03-05,11,Talia Balsam,Actress,Mad Men (2007–2014)
03-05,12,Sonya Cassidy,Actress,The Man Who Fell to Earth (2022– )
03-05,13,Jason Fuchs,Actor,Wonder Woman (2017)
03-05,14,Roman Griffin Davis,Actor,Jojo Rabbit (2019)
03-05,15,Samantha Eggar,Actress,The Collector (1965)
03-05,16,Paul Blackthorne,Actor,Lagaan: Once Upon a Time in India (2001)
03-05,17,Julian Looman,Actor,Constellation (2024– )
03-05,18,Amber Anderson,Actress,Your Highness (2011)
03-05,19,Jack Cassidy,Actor,The Eiger Sanction (1975)
03-05,20,Lauren Weedman,Actress,Date Night (2010)
03-05,21,Lisa Robin Kelly,Actress,That '70s Show (1998–2003)
03-05,22,Pier Paolo Pasolini,Writer,The Decameron (1971)
03-05,23,Hanna Alström,Actress,Kingsman: The Secret Service (2014)
03-05,24,Aasif Mandvi,Actor,Million Dollar Arm (2014)
03-05,25,Sterling Knight,Actor,17 Again (2009)
03-05,26,Madison Beer,Actress,Fall (2022)
03-05,27,Rex Harrison,Actor,My Fair Lady (1964)
03-05,28,Neil Jackson,Actor,Stargirl (2020–2022)
03-05,29,Ursula Reit,Actress,Willy Wonka & the Chocolate Factory (1971)
03-05,30,Hanna Mangan Lawrence,Actress,Bed of Roses (2008–2011)
03-05,31,Marsha Warfield,Actress,9-1-1 (2021–2023)
03-05,32,Annette Charles,Actress,Grease (1978)
03-05,33,Aislinn Paul,Actress,Heroes Reborn (2015–2016)
03-05,34,Jessica Boehrs,Actress,EuroTrip (2004)
03-05,35,Adriana Barraza,Additional Crew,Babel (2006)
03-05,36,Scott Chambers,Producer,Chicken (2015)
03-05,37,Fred Williamson,Actor,From Dusk Till Dawn (1996)
03-05,38,Joan Shawlee,Actress,Some Like It Hot (1959)
03-05,39,Pallavi Sharda,Actress,Wedding Season (2022)
03-05,40,Virginia Christine,Actress,Invasion of the Body Snatchers (1956)
03-05,41,James Sikking,Actor,The Pelican Brief (1993)
03-05,42,Kiell Smith-Bynoe,Actor,Ghosts (2019–2023)
03-05,43,Matt Rogers,Actor,I Love That for You (2022– )
03-05,44,Michael Warren,Actor,Anderson's Cross (2010)
03-05,45,Jill Ritchie,Actress,Southland Tales (2006)
03-05,46,Kimberly McCullough,Director,High School Musical: The Musical: The Series (2019–2023)
03-05,47,Rena Riffel,Actress,Showgirls (1995)
03-05,48,Jennifer Kent,Actress,The Nightingale (2018)
03-05,49,Paul Sand,Actor,"Eerie, Indiana (1992– )"
03-05,50,Elsie Hewitt,Actress,Dave (2020–2021)
03-06,1,Rob Reiner,Actor,All in the Family (1971–1978)
03-06,2,Connie Britton,Actress,Seeking a Friend for the End of the World (2012)
03-06,3,Moira Kelly,Actress,One Tree Hill (2003–2009)
03-06,4,Milo Manheim,Actor,Thanksgiving (2023)
03-06,5,Odessa Young,Actress,The Professor (2018)
03-06,6,Martin Kove,Actor,The Karate Kid (1984)
03-06,7,Amy Pietz,Actress,Caroline in the City (1995–1999)
03-06,8,Ellen Muth,Actress,Dolores Claiborne (1995)
03-06,9,Eric Graise,Actor,Locke & Key (2020–2022)
03-06,10,Andrea Elson,Actress,ALF (1986–2004)
03-06,11,Alisha Boe,Actress,Do Revenge (2022)
03-06,12,Shaun Evans,Actor,Cashback (2006)
03-06,13,Millicent Simmonds,Actress,A Quiet Place (2018)
03-06,14,Tom Arnold,Actor,True Lies (1994)
03-06,15,Yael Stone,Actress,Orange Is the New Black (2013–2019)
03-06,16,Lisa Gaye,Actress,Ten Thousand Bedrooms (1957)
03-06,17,Virginia Gregg,Actress,Operation Petticoat (1959)
03-06,18,Allison Hayes,Actress,Attack of the 50 Foot Woman (1958)
03-06,19,Jacob Bertrand,Actor,Ready Player One (2018)
03-06,20,Elise Eberle,Actress,Shameless (2019–2021)
03-06,21,Eddie Deezen,Actor,WarGames (1983)
03-06,22,Rosie Day,Actress,All Roads Lead to Rome (2015)
03-06,23,Shaquille O'Neal,Actor,Steel (1997)
03-06,24,Alan Davies,Actor,Jonathan Creek (1997–2016)
03-06,25,Alberta Watson,Actress,Hedwig and the Angry Inch (2001)
03-06,26,Anna Maria Horsford,Actress,Minority Report (2002)
03-06,27,Rochelle Hudson,Actress,Imitation of Life (1934)
03-06,28,Shuler Hensley,Actor,Van Helsing (2004)
03-06,29,Lou Costello,Actor,Hold That Ghost (1941)
03-06,30,John Smith,Actor,We're No Angels (1955)
03-06,31,Ren Watabe,Actor,Monarch: Legacy of Monsters (2023–2024)
03-06,32,Suzanne Crough,Actress,The Partridge Family (1970–1974)
03-06,33,Eli Marienthal,Actor,The Iron Giant (1999)
03-06,34,Judy Loe,Actress,Absolutely Anything (2015)
03-06,35,Joel Palmer,Actor,Dreamcatcher (2003)
03-06,36,Clara Lago,Actress,The Hidden Face (2011)
03-06,37,Dillon Freasier,Actor,There Will Be Blood (2007)
03-06,38,Michael Carmine,Actor,*batteries not included (1987)
03-06,39,Elaine Silver,Actress,The Flintstones (1994)
03-06,40,Hal Needham,Stunts,The Cannonball Run (1981)
03-06,41,Ben Murphy,Actor,Alias Smith and Jones (1971–1973)
03-06,42,James Saito,Actor,Always Be My Maybe (2019)
03-06,43,Vincent Gale,Actor,Firewall (2006)
03-06,44,Leïla Bekhti,Actress,"Paris, I Love You (2006)"
03-06,45,Jonathan Scott-Taylor,Actor,Damien: Omen II (1978)
03-06,46,John David Carson,Actor,Pretty Woman (1990)
03-06,47,Amy Okuda,Actress,The Guild (2007–2012)
03-06,48,David Spielberg,Actor,Christine (1983)
03-06,49,Larry Cedar,Actor,Deadwood (2004–2006)
03-06,50,Ed McMahon,Actor,The Tonight Show Starring Johnny Carson (1962–1992)
03-07,1,Bel Powley,Actress,The Diary of a Teenage Girl (2015)
03-07,2,Greta Lee,Actress,Past Lives (2023)
03-07,3,Bryan Cranston,Actor,Breaking Bad (2008–2013)
03-07,4,Tobias Menzies,Actor,Casino Royale (2006)
03-07,5,Rachel Weisz,Actress,The Constant Gardener (2005)
03-07,6,Jenna Fischer,Actress,The Office (2005–2013)
03-07,7,Haley Lu Richardson,Actress,Five Feet Apart (2019)
03-07,8,Matthew Vaughn,Producer,Kick-Ass (2010)
03-07,9,Peter Sarsgaard,Actor,Shattered Glass (2003)
03-07,10,Laura Prepon,Actress,Orange Is the New Black (2013–2019)
03-07,11,Daisy Head,Actress,Dungeons & Dragons: Honor Among Thieves (2023)
03-07,12,Donna Murphy,Actress,The Gilded Age (2022–2023)
03-07,13,Richard Vernon,Actor,Goldfinger (1964)
03-07,14,Sarayu Blue,Actress,I Feel Bad (2018– )
03-07,15,Sophie Skelton,Actress,Outlander (2016–2024)
03-07,16,Andrew Haigh,Producer,All of Us Strangers (2023)
03-07,17,T,Actor,How the Grinch Stole Christmas (2000)
03-07,18,John Heard,Actor,The Guardian (2006)
03-07,19,Rik Mayall,Actor,The Young Ones (1982–1984)
03-07,20,Giselle Eisenberg,Actress,Life in Pieces (2015–2019)
03-07,21,Mel Martin,Actress,White Hunter Black Heart (1990)
03-07,22,Chris Browning,Actor,Bright (2017)
03-07,23,Sarah Sherman,Actress,Three Busy Debras (2022– )
03-07,24,Nick Searcy,Actor,The Old Way (2023)
03-07,25,Maxim Roy,Actress,October Faction (2020– )
03-07,26,Wanda Sykes,Actress,Monster-in-Law (2005)
03-07,27,Audrey Marie Anderson,Actress,The Unit (2006–2009)
03-07,28,Jay Duplass,Producer,Industry (2022– )
03-07,29,Hettienne Park,Actress,Don't Look Up (2021)
03-07,30,Lauren McNamara,Actress,Aliens Ate My Homework (2018)
03-07,31,Brandon T,Actor,Tropic Thunder (2008)
03-07,32,Jonathan Del Arco,Actor,The Closer (2007–2012)
03-07,33,James Broderick,Actor,Dog Day Afternoon (1975)
03-07,34,Anupam Kher,Actor,Hotel Mumbai (2018)
03-07,35,Dan Grimaldi,Actor,The Sopranos (2000–2007)
03-07,36,Daniel J,Actor,Hill Street Blues (1981–1987)
03-07,37,Jolie Jenkins,Actress,Alexa & Katie (2018–2020)
03-07,38,Janhvi Kapoor,Actress,Gunjan Saxena: The Kargil Girl (2020)
03-07,39,Erika Ishii,Actress,Apex Legends (2019)
03-07,40,Shakira Barrera,Actress,Ironheart (2024– )
03-07,41,Donna Loren,Producer,Batman (1966– )
03-07,42,Anna Magnani,Actress,"Rome, Open City (1945)"
03-07,43,Justin Kelly,Actor,Maps to the Stars (2014)
03-07,44,Alan Sues,Actor,The Americanization of Emily (1964)
03-07,45,Richard Lawson,Actor,For Colored Girls (2010)
03-07,46,Bill Brochtrup,Actor,NYPD Blue (1995–2005)
03-07,47,Joy Tanner,Actress,House at the End of the Street (2012)
03-07,48,Cameron Daddo,Actor,Inland Empire (2006)
03-07,49,Eye Haidara,Actress,C'est la vie! (2017)
03-07,50,Raquel Alessi,Actress,Ghost Rider (2007)
03-08,1,Milana Vayntrub,Actress,Werewolves Within (2021)
03-08,2,Montana Jordan,Actor,Young Sheldon (2017–2024)
03-08,3,Anna Madeley,Actress,In Bruges (2008)
03-08,4,Freddie Prinze Jr,Actor,She's All That (1999)
03-08,5,Aidan Quinn,Actor,Benny & Joon (1993)
03-08,6,Kit Connor,Actor,Heartstopper (2022–2023)
03-08,7,Andrea Parker,Actress,The Pretender (1996–2000)
03-08,8,Cynthia Rothrock,Actress,The Martial Arts Kid (2015)
03-08,9,James Van Der Beek,Actor,Dawson's Creek (1998–2003)
03-08,10,Nick Zano,Actor,The Final Destination (2009)
03-08,11,Stephanie Arcila,Actress,Fire Country (2022–2024)
03-08,12,Camryn Manheim,Actress,The Practice (1997–2004)
03-08,13,Susan Clark,Actress,Coogan's Bluff (1968)
03-08,14,Ewan Mitchell,Actor,High Life (2018)
03-08,15,Forrie J,Actor,Rambo III (1988)
03-08,16,Leon,Actor,Cool Runnings (1993)
03-08,17,Sue Ane Langdon,Actress,UHF (1989)
03-08,18,Jed Rees,Actor,Deadpool (2016)
03-08,19,Boris Kodjoe,Actor,Resident Evil: Retribution (2012)
03-08,20,Cyd Charisse,Actress,Silk Stockings (1957)
03-08,21,Alison Becker,Actress,Parks and Recreation (2009–2015)
03-08,22,Laura Main,Actress,Call the Midwife (2012–2024)
03-08,23,Christiane Paul,Actress,In July (2000)
03-08,24,Alan Hale Jr,Actor,Gilligan's Island (1964–1992)
03-08,25,Lynn Redgrave,Actress,Gods and Monsters (1998)
03-08,26,Nora-Jane Noone,Actress,The Descent (2005)
03-08,27,John Kapelos,Actor,Big Sky (2021– )
03-08,28,Claire Trevor,Actress,Key Largo (1948)
03-08,29,Matt Nable,Actor,Riddick (2013)
03-08,30,Jessica Ann Collins,Actress,Zero Dark Thirty (2012)
03-08,31,Miia Harris,Actress,Monster High 2 (2023)
03-08,32,Devon Werkheiser,Actor,Crown Vic (2019)
03-08,33,Kendrick Sampson,Actor,Insecure (2018–2021)
03-08,34,Red West,Actor,Road House (1989)
03-08,35,Micky Dolenz,Actor,The Monkees (1965–1968)
03-08,36,Charlotte Ray Rosenberg,Actress,FBI: Most Wanted (2021– )
03-08,37,Meredith Scott Lynn,Actress,Hollywood Homicide (2003)
03-08,38,Reagan Pasternak,Actress,Sharp Objects (2018– )
03-08,39,Rose Keegan,Actress,Harry Potter and the Deathly Hallows: Part 1 (2010)
03-08,40,Devon Graye,Actor,Nope (2022)
03-08,41,Barbara Eve Harris,Actress,FUBAR (2023– )
03-08,42,Cass Warner,Producer,The Brothers Warner (2007)
03-08,43,Louise Beavers,Actress,Imitation of Life (1934)
03-08,44,Paddi Edwards,Actress,Hercules (1997)
03-08,45,Peter Paul,Actor,The Barbarians (1987)
03-08,46,Robert Stanton,Actor,Mercury Rising (1998)
03-08,47,Sean McClory,Actor,The Quiet Man (1952)
03-08,48,David Paul,Actor,The Barbarians (1987)
03-08,49,Keisha Whitaker,Actress,Kassim the Dream (2008)
03-08,50,George Innes,Actor,The Italian Job (1969)
03-09,1,Oscar Isaac,Actor,Ex Machina (2014)
03-09,2,Linda Fiorentino,Actress,The Last Seduction (1994)
03-09,3,Brittany Snow,Actress,Pitch Perfect (2012)
03-09,4,Ornella Muti,Actress,Flash Gordon (1980)
03-09,5,Juliette Binoche,Actress,The English Patient (1996)
03-09,6,Jean Louisa Kelly,Actress,Uncle Buck (1989)
03-09,7,Maite Perroni,Actress,Triptych (2023– )
03-09,8,Matthew Gray Gubler,Actor,Alvin and the Chipmunks (2007)
03-09,9,Christian Friedel,Actor,The Zone of Interest (2023)
03-09,10,Alexandra Essoe,Actress,The Pope's Exorcist (2023)
03-09,11,Katherine Parkinson,Actress,The Boat That Rocked (2009)
03-09,12,Raul Julia,Actor,Street Fighter (1994)
03-09,13,Cierra Ramirez,Actress,Girl in Progress (2012)
03-09,14,Joyce Van Patten,Actress,Grown Ups (2010)
03-09,15,Joe Gilgun,Actor,Lockout (2012)
03-09,16,Trish Van Devere,Actress,The Changeling (1980)
03-09,17,Charly Jordan,Actress,Ted (2024– )
03-09,18,Finn Carter,Actress,Tremors (1990)
03-09,19,Emmanuel Lewis,Actor,Webster (1983–1989)
03-09,20,Brian Bosworth,Actor,Stone Cold (1991)
03-09,21,Will Geer,Actor,Jeremiah Johnson (1972)
03-09,22,Kerr Smith,Actor,Final Destination (2000)
03-09,23,Jean-Marc Vallée,Director,C.R.A.Z.Y. (2005)
03-09,24,Shad Moss,Music Artist,The Fast and the Furious: Tokyo Drift (2006)
03-09,25,Chaske Spencer,Actor,The Twilight Saga: New Moon (2009)
03-09,26,Rupert Evans,Actor,'Hellboy': The Seeds of Creation (2004)
03-09,27,Tom Amandes,Actor,The Long Kiss Goodnight (1996)
03-09,28,Kurt Wimmer,Writer,Equilibrium (2002)
03-09,29,Christopher Shyer,Actor,The Core (2003)
03-09,30,Kirk B,Actor,The Chosen (2019–2024)
03-09,31,Rodney A,Actor,Dances with Wolves (1990)
03-09,32,Jason Merrells,Actor,Queer as Folk (1999– )
03-09,33,Carl Betz,Actor,Judd for the Defense (1967–1969)
03-09,34,Marty Ingels,Actor,Pac-Man (1982–1983)
03-09,35,Bobby Campo,Actor,The Final Destination (2009)
03-09,36,Alexandra Bastedo,Actress,Casino Royale (1967)
03-09,37,Tobias Jelinek,Actor,Stranger Things (2016– )
03-09,38,Ellen Hillingsø,Actress,The Experiment (2010)
03-09,39,Brenna O'Brien,Actress,Supernatural (2014– )
03-09,40,Niamh Wilson,Actress,Saw III (2006)
03-09,41,Klariza Clayton,Actress,Skins (2009–2010)
03-09,42,Luis Armand Garcia,Actor,George Lopez (2002–2007)
03-09,43,Marguerite Chapman,Actress,The Seven Year Itch (1955)
03-09,44,Volker Bruch,Actor,The Baader Meinhof Complex (2008)
03-09,45,Simon Monjack,Writer,"Two Days, Nine Lives (2001)"
03-09,46,K,Actor,Letterkenny (2016–2023)
03-09,47,Shannon Leto,Actor,My So-Called Life (1994– )
03-09,48,Jayne Taini,Actress,Unbelievable (2019– )
03-09,49,Lonny Price,Director,Dirty Dancing (1987)
03-09,50,Taina Elg,Actress,Les Girls (1957)
03-10,1,Olivia Wilde,Actress,Tron: Legacy (2010)
03-10,2,Emily Osment,Actress,Hannah Montana: The Movie (2009)
03-10,3,Sharon Stone,Actress,Basic Instinct (1992)
03-10,4,Paget Brewster,Actress,Criminal Minds (2006–2024)
03-10,5,Bree Turner,Actress,Grimm (2012–2017)
03-10,6,Shannon Tweed,Actress,Electra (1996)
03-10,7,Jon Hamm,Actor,Mad Men (2007–2015)
03-10,8,Chuck Norris,Actor,"Walker, Texas Ranger (1993–2001)"
03-10,9,Madeleine Arthur,Actress,Big Eyes (2014)
03-10,10,Sawyer Spielberg,Actor,Indiana Jones and the Kingdom of the Crystal Skull (2008)
03-10,11,Danny Pudi,Actor,Community (2009–2015)
03-10,12,Sara Montiel,Actress,La violetera (1958)
03-10,13,Jasmine Guy,Actress,Harlem Nights (1989)
03-10,14,Kendall Cross,Actress,Another Life (2019– )
03-10,15,Ryan Kiera Armstrong,Actress,Skeleton Crew (2024– )
03-10,16,Rafe Spall,Actor,The Big Short (2015)
03-10,17,Bad Bunny,Music Artist,Bullet Train (2022)
03-10,18,Ego Nwodim,Actress,Saturday Night Live (2018–2023)
03-10,19,Katharine Houghton,Actress,Guess Who's Coming to Dinner (1967)
03-10,20,Dave Sheridan,Actor,Scary Movie (2000)
03-10,21,Edi Gathegi,Actor,StartUp (2016–2018)
03-10,22,Barry Fitzgerald,Actor,The Quiet Man (1952)
03-10,23,Thomas Middleditch,Actor,The Final Girls (2015)
03-10,24,Gregory Scott Cummins,Actor,Cliffhanger (1993)
03-10,25,Paul Haggis,Writer,Crash (2004)
03-10,26,Mace Coronel,Actor,That '90s Show (2023–2024)
03-10,27,Aloma Wright,Actress,Scrubs (2001–2009)
03-10,28,Philip Rákay,Producer,Now or Never! (2024)
03-10,29,César Domboy,Actor,The Walk (2015)
03-10,30,Ser'Darius Blain,Actor,Jumanji: Welcome to the Jungle (2017)
03-10,31,Sam Jaffe,Actor,The Asphalt Jungle (1950)
03-10,32,Scott Frank,Writer,Logan (2017)
03-10,33,Carrie Underwood,Music Artist,Soul Surfer (2011)
03-10,34,Natasha Alam,Actress,True Blood (2010– )
03-10,35,Cristián de la Fuente,Actor,Basic (2003)
03-10,36,Déborah Révy,Actress,Love (2015)
03-10,37,Richard Haydn,Actor,The Sound of Music (1965)
03-10,38,Mia Rose Frampton,Actress,Bridesmaids (2011)
03-10,39,Connor Stanhope,Actor,My Life with the Walter Boys (2023– )
03-10,40,Richard Gant,Actor,Norbit (2007)
03-10,41,Logan Shroyer,Actor,This Is Us (2016–2022)
03-10,42,Cooper Andrews,Actor,The Walking Dead (2016–2022)
03-10,43,Lesley Dunlop,Actress,The Elephant Man (1980)
03-10,44,Uriah Shelton,Actor,The Glades (2010–2013)
03-10,45,Malachi Barton,Actor,Stuck in the Middle (2016–2018)
03-10,46,Breanne Hill,Actress,Frontier (2016–2018)
03-10,47,Joe Viterelli,Actor,Bullets Over Broadway (1994)
03-10,48,Rick Segall,Actor,Our Stupid Reactions (2019)
03-10,49,Grace Victoria Cox,Actress,"Extremely Wicked, Shockingly Evil and Vile (2019)"
03-10,50,Missy McKnight,Actress,Triangles and Tribulations (2001)
03-11,1,Jodie Comer,Actress,The Last Duel (2021)
03-11,2,Mircea Monroe,Actress,Tekken (2010)
03-11,3,Thora Birch,Actress,Ghost World (2001)
03-11,4,Rainey Qualley,Actress,Delilah (2022)
03-11,5,Anton Yelchin,Actor,Star Trek (2009)
03-11,6,Lucy DeVito,Actress,Deadbeat (2014–2015)
03-11,7,Barbara Alyn Woods,Actress,One Tree Hill (2003–2012)
03-11,8,Nancy Kovack,Actress,Jason and the Argonauts (1963)
03-11,9,Alex Kingston,Actress,ER (1997–2009)
03-11,10,Elias Koteas,Actor,The Thin Red Line (1998)
03-11,11,Matthias Schweighöfer,Actor,Army of the Dead (2021)
03-11,12,Anissa Jones,Actress,To Rome with Love (1970– )
03-11,13,Lindsey McKeon,Actress,Saved by the Bell: The New Class (1996–2000)
03-11,14,John Barrowman,Actor,Torchwood (2006–2011)
03-11,15,Johnny Knoxville,Writer,Jackass Presents: Bad Grandpa (2013)
03-11,16,Evan Williams,Actor,Blonde (2022)
03-11,17,Peter Berg,Producer,Chicago Hope (1995–1999)
03-11,18,Terrence Howard,Actor,Crash (2004)
03-11,19,Jude Demorest,Actress,Star (2016–2019)
03-11,20,Jeffrey Nordling,Actor,Big Little Lies (2017–2019)
03-11,21,Daniella Kertesz,Actress,World War Z (2013)
03-11,22,Mark Metcalf,Actor,National Lampoon's Animal House (1978)
03-11,23,David Anders,Actor,The Revenant (2009)
03-11,24,Diane Brewster,Actress,Leave It to Beaver (1957–1958)
03-11,25,Tricia O'Neil,Actress,Titanic (1997)
03-11,26,Wallace Langham,Actor,Perry Mason (2023– )
03-11,27,Reiley McClendon,Actor,Pearl Harbor (2001)
03-11,28,James Fleet,Actor,Four Weddings and a Funeral (1994)
03-11,29,Brent Huff,Actor,Shameless (2018–2019)
03-11,30,Craig Parkinson,Actor,Four Lions (2010)
03-11,31,Robbie Daymond,Actor,Critical Role (2021–2023)
03-11,32,Emma Chambers,Actress,Notting Hill (1999)
03-11,33,Rob Paulsen,Actor,Animaniacs (1993–1998)
03-11,34,Jamal Duff,Actor,Dodgeball: A True Underdog Story (2004)
03-11,35,Angelique Pettyjohn,Actress,Repo Man (1984)
03-11,36,Alix Angelis,Actress,This Is Me... Now (2024)
03-11,37,Robert Glenister,Actor,The Aeronauts (2019)
03-11,38,Albert Salmi,Actor,The Brothers Karamazov (1958)
03-11,39,Rob Brown,Actor,Finding Forrester (2000)
03-11,40,Susan Richardson,Actress,American Graffiti (1973)
03-11,41,Pearl Chanda,Actress,See How They Run (2022)
03-11,42,Timothy Carey,Actor,The Killing (1956)
03-11,43,Shemp Howard,Actor,Scrambled Brains (1951)
03-11,44,Raoul Walsh,Director,The Birth of a Nation (1915)
03-11,45,Olivia Chenery,Actress,The Interceptor (2015– )
03-11,46,Benji Madden,Actor,Not Another Teen Movie (2001)
03-11,47,Jude Ciccolella,Actor,The Terminal (2004)
03-11,48,Austin Swift,Actor,Folklore: The Long Pond Studio Sessions (2020)
03-11,49,Jerry Zucker,Producer,Airplane! (1980)
03-11,50,Dominic Mafham,Actor,Ophelia (2018)
03-12,1,Masuimi Max,Actress,Inland Empire (2006)
03-12,2,Jaimie Alexander,Actress,Thor (2011)
03-12,3,Christina Wren,Actress,Will Trent (2023–2024)
03-12,4,Malina Pauli Weissman,Actress,A Series of Unfortunate Events (2017–2019)
03-12,5,Julia Campbell,Actress,Romy and Michele's High School Reunion (1997)
03-12,6,Jama Williamson,Actress,The Good Place (2017–2019)
03-12,7,Aaron Eckhart,Actor,The Dark Knight (2008)
03-12,8,Barbara Feldon,Actress,Get Smart (1965–1970)
03-12,9,Liza Minnelli,Actress,Cabaret (1972)
03-12,10,Titus Welliver,Actor,The Town (2010)
03-12,11,Lesley Manville,Actress,Phantom Thread (2017)
03-12,12,Violet Young,Actress,Life & Beth (2022–2024)
03-12,13,Myrna Fahey,Actress,House of Usher (1960)
03-12,14,Jo Hartley,Actress,Eddie the Eagle (2015)
03-12,15,Jason Beghe,Actor,The Next Three Days (2010)
03-12,16,Jake Weber,Actor,Dawn of the Dead (2004)
03-12,17,Courtney B,Actor,The Hunt for Red October (1990)
03-12,18,Frank Overton,Actor,To Kill a Mockingbird (1962)
03-12,19,Katherine Woodville,Actress,Star Trek (1968– )
03-12,20,Frank Welker,Actor,Transformers: Dark of the Moon (2011)
03-12,21,Caren Kaye,Actress,Teen Witch (1989)
03-12,22,Jake Lockett,Actor,Chicago Fire (2022–2024)
03-12,23,Samm Levine,Actor,Inglourious Basterds (2009)
03-12,24,Richard Harrington,Actor,Hinterland (2013–2016)
03-12,25,Rhys Coiro,Actor,Entourage (2015)
03-12,26,Ron Funches,Actor,Trolls (2016)
03-12,27,Jerry Levine,Director,Teen Wolf (1985)
03-12,28,Rick Worthy,Actor,While You Were Sleeping (1995)
03-12,29,Cameron Crovetti,Actor,Big Little Lies (2017–2019)
03-12,30,Chris Sanders,Writer,Lilo & Stitch (2002)
03-12,31,Troy Winbush,Actor,National Treasure: Book of Secrets (2007)
03-12,32,Wei Zhao,Actress,Mulan: Rise of a Warrior (2009)
03-12,33,Luis Gerardo Méndez,Actor,Charlie's Angels (2019)
03-12,34,Julius Carry,Actor,The Last Dragon (1985)
03-12,35,Jason Lively,Actor,National Lampoon's European Vacation (1985)
03-12,36,Gordon MacRae,Actor,Oklahoma! (1955)
03-12,37,Nicholas Crovetti,Actor,Big Little Lies (2017–2019)
03-12,38,Charles Levin,Actor,The Golden Child (1986)
03-12,39,Vladek Sheybal,Actor,Red Dawn (1984)
03-12,40,Jon Provost,Actor,Lassie (1957–1964)
03-12,41,Gudrun Ure,Actress,Man with a Million (1954)
03-12,42,Lisa Durupt,Actress,Puppet Killer (2019)
03-12,43,James Taylor,Music Artist,Funny People (2009)
03-12,44,Takashi Shimura,Actor,Seven Samurai (1954)
03-12,45,Aleks Le,Actor,Demon Slayer: Kimetsu no Yaiba - The Movie: Mugen Train (2020)
03-12,46,Min Nam-koong,Actor,Remember: War of the Son (2015–2016)
03-12,47,Rob Cohen,Producer,DragonHeart (1996)
03-12,48,Elizabeth Regen,Actress,Léon: The Professional (1994)
03-12,49,Luenell,Actress,The Rock (1996)
03-12,50,Googie Withers,Actress,One of Our Aircraft Is Missing (1942)
03-13,1,Kaya Scodelario,Actress,Pirates of the Caribbean: Dead Men Tell No Tales (2017)
03-13,2,Dana Delany,Actress,China Beach (1988–1991)
03-13,3,Glenne Headly,Actress,Dirty Rotten Scoundrels (1988)
03-13,4,Lucy Fry,Actress,Bright (2017)
03-13,5,Annabeth Gish,Actress,Mystic Pizza (1988)
03-13,6,Harry Melling,Actor,Harry Potter and the Sorcerer's Stone (2001)
03-13,7,William H,Actor,Fargo (1996)
03-13,8,Noel Fisher,Actor,Teenage Mutant Ninja Turtles (2014)
03-13,9,Nimrat Kaur,Actress,The Lunchbox (2013)
03-13,10,Rachael Bella,Actress,The Ring (2002)
03-13,11,Leigh-Allyn Baker,Actress,Good Luck Charlie (2010–2014)
03-13,12,Corinne Massiah,Actress,9-1-1 (2018–2023)
03-13,13,Gigi Rice,Actress,A Night at the Roxbury (1998)
03-13,14,Emile Hirsch,Actor,Into the Wild (2007)
03-13,15,George MacKay,Actor,1917 (2019)
03-13,16,Emory Cohen,Actor,Brooklyn (2015)
03-13,17,Kira Miró,Actress,Broken Embraces (2009)
03-13,18,Common,Actor,John Wick: Chapter 2 (2017)
03-13,19,Paul Fix,Actor,El Dorado (1966)
03-13,20,Adina Porter,Actress,American Horror Story (2011–2021)
03-13,21,Lenny Montana,Actor,The Godfather (1972)
03-13,22,Steve Bacic,Actor,X2 (2003)
03-13,23,Peter Breck,Actor,Shock Corridor (1963)
03-13,24,Danny Masterson,Actor,That '70s Show (1998–2006)
03-13,25,Shane Taylor,Actor,Band of Brothers (2001– )
03-13,26,Robin Duke,Actress,Groundhog Day (1993)
03-13,27,Michael Hogan,Actor,Battlestar Galactica (2004–2009)
03-13,28,Sean Kenney,Actor,Star Trek (1966–1967)
03-13,29,Alfonso Dosal,Actor,The Chosen One (2023– )
03-13,30,Pierre Niney,Actor,Yves Saint Laurent (2014)
03-13,31,Christopher Collet,Actor,Sleepaway Camp (1983)
03-13,32,Tim Story,Director,Fantastic Four (2005)
03-13,33,Julian Cihi,Actor,Only Murders in the Building (2021– )
03-13,34,Molly Stanton,Actress,Miss March (2009)
03-13,35,Deborah Raffin,Actress,Death Wish 3 (1985)
03-13,36,Kathy Hilton,Actress,The Dark (1979)
03-13,37,Tracy Wells,Actress,Mr. Belvedere (1985–1990)
03-13,38,Nara,Actress,Doctor Prisoner (2019– )
03-13,39,Joe Ranft,Writer,The Brave Little Toaster (1987)
03-13,40,Jack Harlow,Music Artist,F9: The Fast Saga (2021)
03-13,41,Rossie Harris,Actor,Airplane! (1980)
03-13,42,Kim Nam-gil,Actor,The Fiery Priest (2019– )
03-13,43,April Matson,Actress,Sage Venom (2018)
03-13,44,Paul Stewart,Actor,Citizen Kane (1941)
03-13,45,Kiruna Stamell,Actress,The Best Offer (2013)
03-13,46,Neil Sedaka,Actor,Deadpool (2016)
03-13,47,Henry Hathaway,Director,True Grit (1969)
03-13,48,Hugh Sanders,Actor,That's My Boy (1951)
03-13,49,Frank Wilcox,Actor,The Ten Commandments (1956)
03-13,50,Harrison Young,Actor,Kiss Kiss Bang Bang (2005)
03-14,1,Rhiannon Fish,Actress,Home and Away (2010–2013)
03-14,2,Meredith Salenger,Actress,The Journey of Natty Gann (1985)
03-14,3,Murielle Telio,Actress,The Nice Guys (2016)
03-14,4,Michael Caine,Actor,Youth (2015)
03-14,5,Ansel Elgort,Actor,The Fault in Our Stars (2014)
03-14,6,Grace Park,Actress,Battlestar Galactica (2004–2009)
03-14,7,Kate Maberly,Actress,The Secret Garden (1993)
03-14,8,Mercedes McNab,Actress,Addams Family Values (1993)
03-14,9,Rita Tushingham,Actress,The Knack... and How to Get It (1965)
03-14,10,Jamie Bell,Actor,Billy Elliot (2000)
03-14,11,Megan Follows,Actress,Anne of Green Gables (1985– )
03-14,12,Abby Ryder Fortson,Actress,"Are You There God? It's Me, Margaret. (2023)"
03-14,13,Kevin Williamson,Writer,Scream (1996)
03-14,14,Johnny Flynn,Actor,Emma. (2020)
03-14,15,Liesel Matthews,Actress,A Little Princess (1995)
03-14,16,Billy Crystal,Actor,Forget Paris (1995)
03-14,17,James Frain,Actor,The Tudors (2007–2009)
03-14,18,Season Hubley,Actress,Escape from New York (1981)
03-14,19,Betsy Brandt,Actress,Breaking Bad (2008–2013)
03-14,20,Tamara Tunie,Actress,Flight (2012)
03-14,21,Penny Johnson Jerald,Actress,24 (2001–2004)
03-14,22,Laila Robins,Actress,"Planes, Trains & Automobiles (1987)"
03-14,23,Chris Klein,Actor,American Pie (1999)
03-14,24,Corey Stoll,Actor,Midnight in Paris (2011)
03-14,25,Daniel Gillies,Actor,The Originals (2013–2018)
03-14,26,Gary Anthony Williams,Actor,Teenage Mutant Ninja Turtles: Out of the Shadows (2016)
03-14,27,Wolfgang Petersen,Director,The Boat (1981)
03-14,28,Aamir Khan,Actor,Like Stars on Earth (2007)
03-14,29,Raymond J,Actor,Just Married (2003)
03-14,30,James Jordan,Actor,Special Ops: Lioness (2023– )
03-14,31,Ryan Cartwright,Actor,Bones (2008–2011)
03-14,32,Eleanor Bron,Actress,A Little Princess (1995)
03-14,33,Adrian Zmed,Actor,Bachelor Party (1984)
03-14,34,Karen Sue Trent,Actress,Garden of Eden (1954)
03-14,35,Giorgio A,Producer,Resident Alien (2021–2022)
03-14,36,Rachel Alig,Actress,First Blush (2020)
03-14,37,Elise Neal,Actress,Hustle & Flow (2005)
03-14,38,Anita Morris,Actress,Ruthless People (1986)
03-14,39,Quincy Jones,Music Department,The Color Purple (1985)
03-14,40,Greta Onieogou,Actress,Fever Pitch (2005)
03-14,41,Dennis Patrick,Actor,Joe (1970)
03-14,42,Sabrina Culver,Actress,The Window (2022– )
03-14,43,Steve Kanaly,Actor,Dallas (1978–1991)
03-14,44,Garwin Sanford,Actor,Get Carter (2000)
03-14,45,Merlin Santana,Actor,The Steve Harvey Show (1996–2002)
03-14,46,Jessica Meraz,Actress,Major Crimes (2017–2018)
03-14,47,Natasha Pavlovich,Actress,The Way Down (2021–2022)
03-14,48,Russell Todd,Actor,Another World (1990–1992)
03-14,49,Etan Cohen,Writer,Holmes & Watson (2018)
03-14,50,Stephen Curry,Producer,Finding Forrester
03-15,1,Pollyanna McIntosh,Actress,The Walking Dead (2017–2018)
03-15,2,Eva Amurri,Actress,Saved! (2004)
03-15,3,Eva Longoria,Actress,Desperate Housewives (2004–2012)
03-15,4,Sosie Bacon,Actress,Smile (2022)
03-15,5,Kim Raver,Actress,24 (2004–2014)
03-15,6,Joaquim de Almeida,Actor,Fast Five (2011)
03-15,7,Caitlin Wachs,Actress,My Dog Skip (2000)
03-15,8,Anna Shaffer,Actress,Harry Potter and the Half-Blood Prince (2009)
03-15,9,Kellan Lutz,Actor,The Twilight Saga: Eclipse (2010)
03-15,10,Jai Courtney,Actor,Terminator Genisys (2015)
03-15,11,David Cronenberg,Actor,The Fly (1986)
03-15,12,Anne Bedian,Actress,The Taking of Deborah Logan (2014)
03-15,13,Alia Bhatt,Actress,Highway (2014)
03-15,14,Frances Conroy,Actress,Six Feet Under (2001–2005)
03-15,15,Tom Bateman,Actor,Murder on the Orient Express (2017)
03-15,16,Judd Hirsch,Actor,The Fabelmans (2022)
03-15,17,Robyn Malcolm,Actress,Outrageous Fortune (2005–2010)
03-15,18,Park Overall,Actress,Empty Nest (1988–1995)
03-15,19,Lawrence Tierney,Actor,Reservoir Dogs (1992)
03-15,20,Renny Harlin,Producer,Driven (2001)
03-15,21,Brian Tee,Actor,Teenage Mutant Ninja Turtles: Out of the Shadows (2016)
03-15,22,María Hervás,Actress,La Guarida (2018)
03-15,23,George Brent,Actor,Dark Victory (1939)
03-15,24,Monica Dolan,Actress,Eye in the Sky (2015)
03-15,25,J,Actor,One Hundred and One Dalmatians (1961)
03-15,26,Brenda Scott,Actress,Oscar Phitkin: A Vendor's Tale (1998)
03-15,27,Sean Biggerstaff,Actor,Cashback (2006)
03-15,28,Renoly Santiago,Actor,Hackers (1995)
03-15,29,Cas Anvar,Actor,The Expanse (2015–2021)
03-15,30,John Duttine,Actor,To Serve Them All My Days (1980–1981)
03-15,31,Jack Alcott,Actor,Dexter: New Blood (2021–2022)
03-15,32,Heather McMahan,Actress,Love Hard (2021)
03-15,33,Lisa Marcos,Actress,Diary of a Mad Black Woman (2005)
03-15,34,Craig Wasson,Actor,A Nightmare on Elm Street 3: Dream Warriors (1987)
03-15,35,Lisa Langlois,Actress,Class of 1984 (1982)
03-15,36,Greg Nicotero,Make-Up Department,The Walking Dead (2010–2022)
03-15,37,Cara Pifko,Actress,Paranormal Activity: The Ghost Dimension (2015)
03-15,38,Jamie Lee,Writer,Ted Lasso (2020–2023)
03-15,39,Jimmy Baio,Actor,Soap (1977–1981)
03-15,40,Fabio,Actor,Bubble Boy (2001)
03-15,41,Chelsea Rendon,Actress,Bright (2017)
03-15,42,Walter Gotell,Actor,Moonraker (1979)
03-15,43,Macdonald Carey,Actor,Shadow of a Doubt (1943)
03-15,44,Malin Buska,Actress,The Girl King (2015)
03-15,45,Francesca Mills,Actress,Harlots (2018–2019)
03-15,46,Dave Burd,Actor,Dave (2020–2023)
03-15,47,Mark McGrath,Actor,Scooby-Doo (2002)
03-15,48,Emily Kennard Dunn,Actress,Napoleon Dynamite (2004)
03-15,49,Pierre Coffin,Director,Despicable Me 2 (2013)
03-15,50,Thomas Flynn,Actor,Bridgerton (2022– )
03-16,1,Alan Tudyk,Actor,Rogue One: A Star Wars Story (2016)
03-16,2,Alexandra Daddario,Actress,Baywatch (2017)
03-16,3,Sienna Guillory,Actress,Love Actually (2003)
03-16,4,Jules Willcox,Actress,Servant (2022–2023)
03-16,5,Lauren Graham,Actress,Gilmore Girls (2000–2007)
03-16,6,Rupert Sanders,Director,Snow White and the Huntsman (2012)
03-16,7,Aisling Bea,Actress,This Way Up (2019–2021)
03-16,8,Brooke Burns,Actress,Shallow Hal (2001)
03-16,9,Madison Riley,Actress,Grown Ups (2010)
03-16,10,Victor Garber,Actor,Argo (2012)
03-16,11,Isabelle Huppert,Actress,Elle (2016)
03-16,12,Jerry Lewis,Actor,The Nutty Professor (1963)
03-16,13,Caitlin Bassett,Actress,Quantum Leap (2022–2024)
03-16,14,Felisha Terrell,Actress,Shooter (2018– )
03-16,15,Jerome Flynn,Actor,Game of Thrones (2011–2019)
03-16,16,Jung So-min,Actress,Alchemy of Souls (2022– )
03-16,17,Sophie Hunter,Actress,Vanity Fair (2004)
03-16,18,Gore Verbinski,Director,Rango (2011)
03-16,19,Tim Kang,Actor,Rambo (2008)
03-16,20,Erik Estrada,Actor,CHiPs (1977–1983)
03-16,21,Kate Nelligan,Actress,Frankie and Johnny (1991)
03-16,22,Ajiona Alexus,Actress,13 Reasons Why (2017–2018)
03-16,23,Paul Schneider,Actor,Lars and the Real Girl (2007)
03-16,24,Bernardo Bertolucci,Writer,The Conformist (1970)
03-16,25,Sierra Aylina McClain,Actress,Daddy's Little Girls (2007)
03-16,26,Mercedes McCambridge,Actress,Giant (1956)
03-16,27,Clifton Powell,Actor,Deep Rising (1998)
03-16,28,Leo McKern,Actor,Ladyhawke (1985)
03-16,29,Paul Forman,Actor,Emily in Paris (2022– )
03-16,30,Christian Hillborg,Actor,The Playlist (2022– )
03-16,31,Kevin Smith,Actor,Hercules: The Legendary Journeys (1995–1999)
03-16,32,Jon-Michael Ecker,Actor,Queen of the South (2016–2019)
03-16,33,Alma Pöysti,Actress,Fallen Leaves (2023)
03-16,34,Diego Calva,Actor,Babylon (2022)
03-16,35,Gary Basaraba,Actor,Killers of the Flower Moon (2023)
03-16,36,Tyrel Jackson Williams,Actor,Party Down (2023– )
03-16,37,Janice Crystal,Actress,Billy Crystal: 700 Sundays (2014)
03-16,38,Wolfgang Van Halen,Actor,Barbie (2023)
03-16,39,Judah Friedlander,Actor,Feast (2005)
03-16,40,Karlheinz Böhm,Actor,Peeping Tom (1960)
03-16,41,Tara Buck,Actress,True Blood (2008–2014)
03-16,42,Alvin Sanders,Actor,Riverdale (2017–2023)
03-16,43,Belén Rueda,Actress,The Orphanage (2007)
03-16,44,Tae Kimura,Actress,Gururi no koto (2008)
03-16,45,Anne Charrier,Actress,Par le sang (2018)
03-16,46,Nancy Wilson,Actress,Vanilla Sky (2001)
03-16,47,Mónica Cruz,Actress,The Final Inquiry (2006)
03-16,48,Joe Mande,Producer,Hacks (2021–2022)
03-16,49,Brett Davern,Actor,Awkward. (2011–2016)
03-16,50,Ted Sutherland,Actor,Rise (2018– )
03-17,1,Kurt Russell,Actor,Escape from New York (1981)
03-17,2,Rob Lowe,Actor,St. Elmo's Fire (1985)
03-17,3,Morfydd Clark,Actress,Saint Maud (2019)
03-17,4,Natalie Zea,Actress,Justified (2010–2015)
03-17,5,Angela Zhou,Actress,Death and Other Details (2024– )
03-17,6,Brittany Daniel,Actress,Skyline (2010)
03-17,7,Gary Sinise,Actor,Forrest Gump (1994)
03-17,8,Eliza Bennett,Actress,Sweet/Vicious (2016–2017)
03-17,9,John Boyega,Actor,Star Wars: Episode VII - The Force Awakens (2015)
03-17,10,Vicki Lewis,Actress,Finding Nemo (2003)
03-17,11,Lesley-Anne Down,Actress,"North & South: Book 1, North & South (1985– )"
03-17,12,Mark Boone Junior,Actor,Memento (2000)
03-17,13,Marisa Coughlan,Actress,Freddy Got Fingered (2001)
03-17,14,Olesya Rulin,Actress,HSM3: Prom - The Night of Nights (2009)
03-17,15,Gina Holden,Actress,Final Destination 3 (2006)
03-17,16,Cynthia Daniel,Actress,The Basketball Diaries (1995)
03-17,17,Joe Seanoa,Actor,ROH: Final Battle 2003 (2003)
03-17,18,Julia Winter,Actress,Charlie and the Chocolate Factory (2005)
03-17,19,Coco Austin,Actress,Law & Order: Special Victims Unit (2004–2012)
03-17,20,Patrick Duffy,Actor,Dallas (1978–1991)
03-17,21,Casey Siemaszko,Actor,Stand by Me (1986)
03-17,22,Michelle Nolden,Actress,The Time Traveler's Wife (2009)
03-17,23,Laurene Landon,Actress,Nation's Fire (2019)
03-17,24,Arye Gross,Actor,Better Call Saul (2022– )
03-17,25,Joseph Cousins,Actor,Kindergarten Cop (1990)
03-17,26,Hugo Speer,Actor,The Musketeers (2014–2016)
03-17,27,Christian Clemenson,Actor,The Big Lebowski (1998)
03-17,28,Yanic Truesdale,Actor,Gilmore Girls (2000–2007)
03-17,29,Amelia Heinle,Actress,The Young and the Restless (2005–2024)
03-17,30,Patrick Seitz,Actor,Mortal Kombat vs. DC Universe (2008)
03-17,31,Mathew St,Actor,Six Feet Under (2001–2005)
03-17,32,Phil Torres,Additional Crew,TechKnow (2013–2016)
03-17,33,Pattie Boyd,Actress,Der Kommissar (1969– )
03-17,34,Bryan Dechart,Actor,Detroit: Become Human (2018)
03-17,35,Stephanie Fantauzzi,Actress,The Girl Who Invented Kissing (2017)
03-17,36,Christian Cousins,Actor,Kindergarten Cop (1990)
03-17,37,Patricia Breslin,Actress,Homicidal (1961)
03-17,38,Dana Reeve,Actress,Everyone's Hero (2006)
03-17,39,Sydne Rome,Actress,The Pumaman (1980)
03-17,40,Nijirô Murakami,Actor,Destruction Babies (2016)
03-17,41,Aaron Poole,Actor,The Empty Man (2020)
03-17,42,Clare Grogan,Actress,Gregory's Girl (1980)
03-17,43,Damien Garvey,Actor,The Artful Dodger (2023– )
03-17,44,Brigitte Helm,Actress,Metropolis (1927)
03-17,45,Nigel Whitmey,Actor,Black Earth Rising (2018– )
03-17,46,Janaya Stephens,Actress,Death Race (2008)
03-17,47,Victor McGuire,Actor,The Phantom of the Opera (2004)
03-17,48,Eunice Gayson,Actress,Dr. No (1962)
03-17,49,Kardo Razzazi,Actor,Rheingold (2022)
03-17,50,Grimes,Music Department,Grimes ft. Janelle Monáe: Venus Fly (2017)
03-18,1,Brad Dourif,Actor,The Lord of the Rings: The Two Towers (2002)
03-18,2,Lily Collins,Actress,The Mortal Instruments: City of Bones (2013)
03-18,3,Luc Besson,Writer,The Fifth Element (1997)
03-18,4,Sophia Myles,Actress,Tristan + Isolde (2006)
03-18,5,Danneel Ackles,Actress,Ten Inch Hero (2007)
03-18,6,Vanessa Williams,Actress,Ugly Betty (2006–2010)
03-18,7,Queen Latifah,Actress,Chicago (2002)
03-18,8,Madeline Carroll,Actress,Flipped (2010)
03-18,9,Leslie Parrish,Actress,The Manchurian Candidate (1962)
03-18,10,Adam Pally,Actor,Iron Man 3 (2013)
03-18,11,Lilli Kay,Actress,Rustin (2023)
03-18,12,Abigail Cowen,Actress,Redeeming Love (2022)
03-18,13,Sutton Foster,Actress,Younger (2015–2021)
03-18,14,Peter Graves,Actor,Stalag 17 (1953)
03-18,15,Ciara Bravo,Actress,Cherry (2021)
03-18,16,Dane Cook,Actor,Good Luck Chuck (2007)
03-18,17,Cindy Busby,Actress,The Big Year (2011)
03-18,18,David Cubitt,Actor,Medium (2005–2011)
03-18,19,Thomas Ian Griffith,Actor,The Karate Kid Part III (1989)
03-18,20,Susan Tyrrell,Actress,Cry-Baby (1990)
03-18,21,Kevin McGarry,Actor,Saw 3D (2010)
03-18,22,Julia Goldani Telles,Actress,Slender Man (2018)
03-18,23,Yul Vazquez,Actor,Severance (2022– )
03-18,24,Chris Geere,Actor,You're the Worst (2014–2019)
03-18,25,Jim Knobeloch,Actor,"Dr. Quinn, Medicine Woman (1993–1998)"
03-18,26,Irene Cara,Music Artist,Fame (1980)
03-18,27,Danny Deferrari,Actor,Shiva Baby (2020)
03-18,28,J,Actor,Star Trek: Deep Space Nine (1993–1999)
03-18,29,Robert Donat,Actor,The 39 Steps (1935)
03-18,30,Kevin Dobson,Actor,Knots Landing (1982–1993)
03-18,31,Geoffrey Owens,Actor,The Cosby Show (1985–1992)
03-18,32,Maia Jae Bastidas,Actress,Rabbit Hole (2023– )
03-18,33,Duane Henry,Actor,The Dark Knight Rises (2012)
03-18,34,Jacob Collins-Levy,Actor,The White Princess (2017– )
03-18,35,Frank McRae,Actor,Loaded Weapon 1 (1993)
03-18,36,Olek Krupa,Actor,Hidden Figures (2016)
03-18,37,Eva Noblezada,Actress,Yellow Rose (2019)
03-18,38,Clayton James,Actor,So Help Me Todd (2022–2023)
03-18,39,Tamer Hassan,Actor,The Double (2011)
03-18,40,Edward Everett Horton,Actor,Arsenic and Old Lace (1944)
03-18,41,Michael J,Producer,The Michael Knowles Show (2020–2024)
03-18,42,Lenny Rush,Actor,Am I Being Unreasonable? (2022– )
03-18,43,Blake Garrett Rosenthal,Actor,Bridesmaids (2011)
03-18,44,Adam Levine,Music Artist,Begin Again (2013)
03-18,45,Yoriko Dôguchi,Actress,Silence (2016)
03-18,46,Mike Rowe,Producer,Dirty Jobs (2005–2023)
03-18,47,Paul Barber,Actor,The Full Monty (1997)
03-18,48,Alexis Carra,Actress,Grey's Anatomy (2012– )
03-18,49,Luci Christian,Actress,Vampire Hunter D (1985)
03-18,50,Kai Fischer,Actress,Holocaust 2: The Revenge (1980)
03-19,1,Bruce Willis,Actor,Die Hard (1988)
03-19,2,Ebon Moss-Bachrach,Actor,Girls (2014–2017)
03-19,3,Glenn Close,Actress,Fatal Attraction (1987)
03-19,4,Rachel Blanchard,Actress,The Summer I Turned Pretty (2022–2023)
03-19,5,Patrick McGoohan,Actor,The Prisoner (1967–1968)
03-19,6,Aria Mia Loberti,Actress,All the Light We Cannot See (2023– )
03-19,7,Ursula Andress,Actress,Dr. No (1962)
03-19,8,Caylee Cowan,Actress,Sunrise in Heaven (2020)
03-19,9,Harvey Weinstein,Producer,Shakespeare in Love (1998)
03-19,10,Abby Brammell,Actress,Jobs (2013)
03-19,11,Virginia Williams,Actress,Teenage Bounty Hunters (2020– )
03-19,12,Nick Hendrix,Actor,Midsomer Murders (2016–2023)
03-19,13,Connor Trinneer,Actor,Star Trek: Enterprise (2001–2005)
03-19,14,Jorma Taccone,Writer,Popstar: Never Stop Never Stopping (2016)
03-19,15,Fred Stoller,Actor,Little Man (2006)
03-19,16,Josie Loren,Actress,17 Again (2009)
03-19,17,Renée Taylor,Actress,The Nanny (1993–1999)
03-19,18,Garrett Clayton,Actor,Hairspray Live! (2016)
03-19,19,Kwak Dong-yeon,Actor,Inspiring Generation (2014– )
03-19,20,Gail Kobe,Producer,The Ten Commandments (1956)
03-19,21,Theo Von,Actor,InAPPropriate Comedy (2013)
03-19,22,Jan Shepard,Actress,"Paradise, Hawaiian Style (1966)"
03-19,23,Simmone Mackinnon,Actress,McLeod's Daughters (2003–2009)
03-19,24,Dermot Crowley,Actor,Luther: The Fallen Sun (2023)
03-19,25,Michael Drayer,Actor,Louie (2010– )
03-19,26,Craig Lamar Traylor,Actor,Malcolm in the Middle (2000–2006)
03-19,27,Marjorie Monaghan,Actress,Regarding Henry (1991)
03-19,28,Nicholas Stoller,Writer,The Muppets (2011)
03-19,29,Roy Roberts,Actor,Chinatown (1974)
03-19,30,Matthew Leitch,Actor,Band of Brothers (2001– )
03-19,31,De'aundre Bonds,Actor,Tales from the Hood (1995)
03-19,32,Kent Smith,Actor,Cat People (1942)
03-19,33,Amanda Kloots,Actress,The Irishman (2019)
03-19,34,Neil LaBute,Writer,In the Company of Men (1997)
03-19,35,Nicole Muirbrook,Actress,Dark Blue (2009– )
03-19,36,Ayoola Smart,Actress,"Juliet, Naked (2018)"
03-19,37,Rosalind Harris,Actress,Fiddler on the Roof (1971)
03-19,38,Fred Clark,Actor,Sunset Blvd. (1950)
03-19,39,Eric Christmas,Actor,Porky's (1981)
03-19,40,Dana Melanie,Actress,Greenhouse Academy (2019–2020)
03-19,41,Maurice Roëves,Actor,The Last of the Mohicans (1992)
03-19,42,Patricia Laffan,Actress,Quo Vadis (1951)
03-19,43,Philip Bolden,Actor,Are We There Yet? (2005)
03-19,44,Yolanthe Cabau,Actress,Police Academy Alaturka (2015)
03-19,45,Pamela Britton,Actress,D.O.A. (1949)
03-19,46,Nancy Malone,Actress,Naked City (1960–1963)
03-19,47,Vida Guerra,Actress,CHIPS (2017)
03-19,48,Joy Suprano,Actress,Fleishman Is in Trouble (2022– )
03-19,49,Bill Henderson,Actor,Clue (1985)
03-19,50,Mary Scheer,Actress,Twin Mirror (2020)
03-20,1,Hassie Harrison,Actress,Yellowstone (2020–2022)
03-20,2,David Thewlis,Actor,Naked (1993)
03-20,3,Holly Hunter,Actress,Broadcast News (1987)
03-20,4,Melanie Zanetti,Actress,Bluey (2018–2024)
03-20,5,Ruby Rose,Actress,Orange Is the New Black (2015–2016)
03-20,6,Michael Cassidy,Actor,Zoom (2006)
03-20,7,William Hurt,Actor,A History of Violence (2005)
03-20,8,Spike Lee,Director,Do the Right Thing (1989)
03-20,9,Michael Rapaport,Actor,Deep Blue Sea (1999)
03-20,10,Justin H,Actor,After Yang (2021)
03-20,11,Elizabeth Bourgine,Actress,Cours privé (1986)
03-20,12,Leila George,Actress,Mortal Engines (2018)
03-20,13,Murray Bartlett,Actor,The Last of Us (2023– )
03-20,14,Catherine Ritchson,Writer,Employee 665
03-20,15,Freema Agyeman,Actress,Doctor Who (2006–2010)
03-20,16,Marc Warren,Actor,Wanted (2008)
03-20,17,Jessica Lundy,Actress,Single White Female (1992)
03-20,18,Stephanie Kurtzuba,Actress,The Irishman (2019)
03-20,19,Cedric Yarbrough,Actor,The 40-Year-Old Virgin (2005)
03-20,20,Theresa Russell,Actress,Spider-Man 3 (2007)
03-20,21,Karen Steele,Actress,Marty (1955)
03-20,22,Amy Aquino,Actress,Working Girl (1988)
03-20,23,Stacy Martin,Actress,Nymphomaniac: Vol. I (2013)
03-20,24,Paula Garcés,Actress,A Very Harold & Kumar Christmas (2011)
03-20,25,John de Lancie,Actor,Crank: High Voltage (2009)
03-20,26,Carl Reiner,Writer,The Dick Van Dyke Show (1961–1966)
03-20,27,Bianca Lawson,Actress,Save the Last Dance (2001)
03-20,28,Christy Carlson Romano,Actress,Vulnerable with Christy Carlson Romano (2022–2023)
03-20,29,Barrett Doss,Actress,The Noel Diary (2022)
03-20,30,Jane March,Actress,The Lover (1992)
03-20,31,Liza Snyder,Actress,"Yes, Dear (2000–2006)"
03-20,32,Vanessa Bell Calloway,Actress,Coming to America (1988)
03-20,33,Robb Wells,Actor,Trailer Park Boys (2001–2018)
03-20,34,Xavier Dolan,Actor,I Killed My Mother (2009)
03-20,35,Cooper Hoffman,Actor,Licorice Pizza (2021)
03-20,36,Kathy Ireland,Actress,Loaded Weapon 1 (1993)
03-20,37,Brendan McNamara,Writer,Even If It's Wrong (2004)
03-20,38,Hal Linden,Actor,Barney Miller (1974–1982)
03-20,39,Nick Blood,Actor,Agents of S.H.I.E.L.D. (2014–2017)
03-20,40,Stephen Sommers,Producer,G.I. Joe: The Rise of Cobra (2009)
03-20,41,Tommy Martinez,Actor,Good Trouble (2019–2024)
03-20,42,Mavournee Hazel,Actress,Neighbours (2015–2019)
03-20,43,Linda Larkin,Actress,Aladdin (1992)
03-20,44,Mikey Day,Actor,Saturday Night Live (2014–2023)
03-20,45,Jerry Reed,Music Artist,Smokey and the Bandit (1977)
03-20,46,Michael Redgrave,Actor,The Lady Vanishes (1938)
03-20,47,Dorte Højsted,Actress,Doggystyle (2018–2022)
03-20,48,Jung Woo-sung,Actor,The Good the Bad the Weird (2008)
03-20,49,Jake Hoffman,Actor,Sam & Kate (2022)
03-20,50,Edoardo Ballerini,Actor,The Sopranos (2006–2007)
03-21,1,Gary Oldman,Actor,Tinker Tailor Soldier Spy (2011)
03-21,2,Matthew Broderick,Actor,The Producers (2005)
03-21,3,Sonequa Martin-Green,Actress,Star Trek: Discovery (2017–2024)
03-21,4,Rhys Darby,Actor,Yes Man (2008)
03-21,5,Scott Eastwood,Actor,Suicide Squad (2016)
03-21,6,Timothy Dalton,Actor,The Living Daylights (1987)
03-21,7,Cynthia Geary,Actress,Going Home (2022–2024)
03-21,8,Ellise Chappell,Actress,Yesterday (2019)
03-21,9,Joseph Mawle,Actor,Game of Thrones (2011–2017)
03-21,10,Jaye Davidson,Actor,The Crying Game (1992)
03-21,11,Jasmin Savoy Brown,Actress,Scream VI (2023)
03-21,12,Jace Norman,Actor,Henry Danger (2014–2020)
03-21,13,Rosie O'Donnell,Writer,A League of Their Own (1992)
03-21,14,Laura Allen,Actress,The Tale (2018)
03-21,15,Forrest Wheeler,Actor,Fresh Off the Boat (2015–2020)
03-21,16,Justin Pierce,Actor,Kids (1995)
03-21,17,Santino Fontana,Actor,Frozen (2013)
03-21,18,Sam Troughton,Actor,Alien vs. Predator (2004)
03-21,19,Rachael MacFarlane,Actress,American Dad! (2005–2023)
03-21,20,Suraj Sharma,Actor,Life of Pi (2012)
03-21,21,Takeru Satoh,Actor,Rurouni Kenshin Part I: Origins (2012)
03-21,22,Jill Schoelen,Actress,The Stepfather (1987)
03-21,23,Rini Bell,Actress,Bring It On (2000)
03-21,24,Brad Hall,Writer,Brooklyn Bridge (1991–1993)
03-21,25,Haydn Gwynne,Actress,Beauty and the Beast (2017)
03-21,26,RJ Cyler,Actor,Me and Earl and the Dying Girl (2015)
03-21,27,Virginia Bocelli,Actress,Cabrini (2024)
03-21,28,Melanie Stone,Actress,Deadstream (2022)
03-21,29,Lisa Ann Russell,Additional Crew,Kounterfeit (1996)
03-21,30,Sandra Mae Frank,Actress,Soul to Keep (2018)
03-21,31,Linda Lee Cadwell,Director,Dragon: The Bruce Lee Story (1993)
03-21,32,Russ Meyer,Director,Beneath the Valley of the Ultra-Vixens (1979)
03-21,33,Lexi DiBenedetto,Actress,Grey's Anatomy (2013– )
03-21,34,Vanessa Branch,Actress,Pirates of the Caribbean: The Curse of the Black Pearl (2003)
03-21,35,Alfred Lutter III,Actor,Alice Doesn't Live Here Anymore (1974)
03-21,36,Greg Ellis,Actor,Star Trek (2009)
03-21,37,Lorenzo Zurzolo,Actor,Les Arènes
03-21,38,James Coco,Actor,Murder by Death (1976)
03-21,39,Kathryn Greenwood,Actress,Wind at My Back (1996–2001)
03-21,40,Karyn Kusama,Director,The Invitation (2015)
03-21,41,Anne Leighton,Actress,NCIS (2019– )
03-21,42,Rani Mukerji,Actress,Black (2005)
03-21,43,Narges Rashidi,Actress,Under the Shadow (2016)
03-21,44,Françoise Dorléac,Actress,That Man from Rio (1964)
03-21,45,Kevin Guthrie,Actor,Fantastic Beasts and Where to Find Them (2016)
03-21,46,Piotr Adamczyk,Actor,For All Mankind (2021–2024)
03-21,47,Logan Ramsey,Actor,Walking Tall (1973)
03-21,48,Ryan Bittle,Actor,Take Me Home Tonight (2011)
03-21,49,Sabrina Le Beauf,Actress,The Cosby Show (1984–1992)
03-21,50,Theo Barklem-Biggs,Actor,The Forgotten Battle (2020)
03-22,1,Nick Robinson,Actor,Jurassic World (2015)
03-22,2,Cole Hauser,Actor,2 Fast 2 Furious (2003)
03-22,3,Reese Witherspoon,Producer,Wild (2014)
03-22,4,Keegan-Michael Key,Actor,Keanu (2016)
03-22,5,Lena Olin,Actress,The Unbearable Lightness of Being (1988)
03-22,6,Anne Dudek,Actress,White Chicks (2004)
03-22,7,Tania Raymonde,Actress,Lost (2006–2010)
03-22,8,Matthew Modine,Actor,Full Metal Jacket (1987)
03-22,9,William Shatner,Actor,Star Trek V: The Final Frontier (1989)
03-22,10,Constance Wu,Actress,Crazy Rich Asians (2018)
03-22,11,Noah LaLonde,Actor,My Life with the Walter Boys (2023– )
03-22,12,Enzo Vogrincic,Actor,Society of the Snow (2023)
03-22,13,Will Yun Lee,Actor,Altered Carbon (2018–2020)
03-22,14,Tiffany Dupont,Actress,American Horror Stories (2021– )
03-22,15,Daisy Haggard,Actress,Harry Potter and the Deathly Hallows: Part 1 (2010)
03-22,16,M,Actor,Blood Simple (1984)
03-22,17,James Wolk,Actor,Mad Men (2013–2014)
03-22,18,Nicole Wallace,Actress,My Fault (2023)
03-22,19,Zoe Terakes,Actor,Wentworth (2020–2021)
03-22,20,Kandyse McClure,Actress,Battlestar Galactica (2004–2009)
03-22,21,Eric Roth,Producer,Dune (2021)
03-22,22,Karl Malden,Actor,A Streetcar Named Desire (1951)
03-22,23,Werner Klemperer,Actor,Hogan's Heroes (1965–1971)
03-22,24,Bruno Ganz,Actor,Downfall (2004)
03-22,25,Dominique Fishback,Actress,Judas and the Black Messiah (2021)
03-22,26,Ross Martin,Actor,The Great Race (1965)
03-22,27,Kellie Shanygne Williams,Actress,Family Matters (1989–1998)
03-22,28,Lizzie Brocheré,Actress,Rings (2017)
03-22,29,Nicole Holofcener,Director,Enough Said (2013)
03-22,30,Heather Lind,Actress,Mistress America (2015)
03-22,31,Wilfrid Brambell,Actor,A Hard Day's Night (1964)
03-22,32,Virginia Grey,Actress,Airport (1970)
03-22,33,Fanny Ardant,Actress,8 Women (2002)
03-22,34,Iben Hjejle,Actress,High Fidelity (2000)
03-22,35,Laurie Lennard,Additional Crew,An Inconvenient Truth (2006)
03-22,36,Katie Stuart,Actress,Inconceivable (2016–2017)
03-22,37,Eric Bruskotter,Actor,Crimson Tide (1995)
03-22,38,Sadie Munroe,Actress,Workin' Moms (2017–2023)
03-22,39,Andreas Pietschmann,Actor,Dark (2017–2020)
03-22,40,Francesco Quinn,Actor,Platoon (1986)
03-22,41,Steve Toussaint,Actor,House of the Dragon (2022–2024)
03-22,42,Gavin MacIntosh,Actor,The Fosters (2013–2016)
03-22,43,Matt Bush,Actor,Adventureland (2009)
03-22,44,May Britt,Actress,The Hunters (1958)
03-22,45,Carter Wong,Actor,Big Trouble in Little China (1986)
03-22,46,Laure Calamy,Actress,Full Time (2021)
03-22,47,Kidada Jones,Actress,Thicker Than Water (1999)
03-22,48,Mary Tamm,Actress,Doctor Who (1978–1979)
03-22,49,James Westerfield,Actor,On the Waterfront (1954)
03-22,50,Carmen Filpi,Actor,The Wedding Singer (1998)
03-23,1,Michelle Monaghan,Actress,Gone Baby Gone (2007)
03-23,2,Keri Russell,Actress,Mission: Impossible III (2006)
03-23,3,Joan Crawford,Actress,What Ever Happened to Baby Jane? (1962)
03-23,4,Randall Park,Actor,WandaVision (2021– )
03-23,5,Vanessa Morgan,Actress,Riverdale (2017–2023)
03-23,6,Victoria Pedretti,Actress,Once Upon a Time... in Hollywood (2019)
03-23,7,Ayesha Curry,Actress,Irish Wish (2024)
03-23,8,Marin Hinkle,Actress,The Marvelous Mrs. Maisel (2017–2023)
03-23,9,Akira Kurosawa,Writer,The Hidden Fortress (1958)
03-23,10,Amanda Plummer,Actress,Pulp Fiction (1994)
03-23,11,Nicholle Tom,Actress,Beethoven (1992)
03-23,12,Hope Davis,Actress,American Splendor (2003)
03-23,13,Steven Strait,Actor,The Expanse (2015–2022)
03-23,14,Teresa Ganzel,Actress,The Toy (1982)
03-23,15,Barbara Rhoades,Actress,The Goodbye Girl (1977)
03-23,16,Richard Grieco,Actor,If Looks Could Kill (1991)
03-23,17,Michael Haneke,Writer,Caché (2005)
03-23,18,Anastasia Griffith,Actress,Copper (2012–2013)
03-23,19,Jenny Wright,Actress,Near Dark (1987)
03-23,20,Joanna Page,Actress,Love Actually (2003)
03-23,21,Bridger Zadina,Actor,Bosch (2017– )
03-23,22,McKinley Belcher III,Actor,Marriage Story (2019)
03-23,23,Judith Godrèche,Actress,The Overnight (2015)
03-23,24,Ben Wiggins,Actor,Anna and the Apocalypse (2017)
03-23,25,Sarah Buxton,Actress,Sunset Beach (1997–1999)
03-23,26,Larry Fessenden,Actor,Habit (1995)
03-23,27,Stephen A,Actor,Bosch: Legacy (2022–2023)
03-23,28,Mark Rydell,Director,The Long Goodbye (1973)
03-23,29,Blythe Auffarth,Actress,Keeping the Faith (2000)
03-23,30,Abigail Cruttenden,Actress,The Theory of Everything (2014)
03-23,31,Jaume Collet-Serra,Producer,The Shallows (2016)
03-23,32,Daniel Espinosa,Director,Morbius (2022)
03-23,33,Corinne Cléry,Actress,Moonraker (1979)
03-23,34,Kenneth Tobey,Actor,The Thing from Another World (1951)
03-23,35,Anthony De Longis,Actor,Masters of the Universe (1987)
03-23,36,Teagan Vincze,Actress,Daughter (2019)
03-23,37,John Pinette,Actor,The Punisher (2004)
03-23,38,Kangana Ranaut,Actress,Queen (2013)
03-23,39,Tony Burton,Actor,Assault on Precinct 13 (1976)
03-23,40,Wayne Pére,Actor,Bottoms (2023)
03-23,41,Roberta Leighton,Actress,Stripes (1981)
03-23,42,Teri Wyble,Actress,The Walking Dead (2014– )
03-23,43,Ben Rappaport,Actor,For The People (2018–2019)
03-23,44,Madelyn Deutch,Actress,The Year of Spectacular Men (2017)
03-23,45,Jessica Marie Garcia,Actress,On My Block (2018–2021)
03-23,46,Zak Penn,Writer,Ready Player One (2018)
03-23,47,David Tom,Actor,Stay Tuned (1992)
03-23,48,Rebecca Corry,Actress,Big Fat Liar (2002)
03-23,49,Ron Orbach,Actor,Clueless (1995)
03-23,50,Marc Cherry,Writer,Desperate Housewives (2004–2012)
03-24,1,Jessica Chastain,Actress,Zero Dark Thirty (2012)
03-24,2,Christopher Briney,Actor,Daliland (2022)
03-24,3,Jim Parsons,Actor,The Big Bang Theory (2006–2019)
03-24,4,Lara Flynn Boyle,Actress,Happiness (1998)
03-24,5,Lake Bell,Actress,In a World... (2013)
03-24,6,Steve McQueen,Actor,The Great Escape (1963)
03-24,7,Alyson Hannigan,Actress,Buffy the Vampire Slayer (1997–2003)
03-24,8,Keisha Castle-Hughes,Actress,Whale Rider (2002)
03-24,9,Megyn Price,Actress,"Mystery, Alaska (1999)"
03-24,10,Tig Notaro,Actress,One Mississippi (2015–2017)
03-24,11,Kelly LeBrock,Actress,Weird Science (1985)
03-24,12,R,Actor,Full Metal Jacket (1987)
03-24,13,Peter Jacobson,Actor,House (2007–2012)
03-24,14,William Smith,Actor,Any Which Way You Can (1980)
03-24,15,Amanda Brugel,Actress,The Handmaid's Tale (2017–2022)
03-24,16,Charlie Creed-Miles,Actor,The Fifth Element (1997)
03-24,17,Finn Jones,Actor,Awake (2021)
03-24,18,Lauren Bowles,Actress,Ghost World (2001)
03-24,19,Robert Carradine,Actor,Revenge of the Nerds (1984)
03-24,20,Donna Pescow,Actress,Saturday Night Fever (1977)
03-24,21,María Valverde,Actress,Exodus: Gods and Kings (2014)
03-24,22,Philip Winchester,Actor,Strike Back (2010–2018)
03-24,23,Brennan Elliott,Actor,UnREAL (2015–2018)
03-24,24,Emraan Hashmi,Actor,Once Upon a Time in Mumbaai (2010)
03-24,25,Kim Johnston Ulrich,Actress,Passions (1999–2008)
03-24,26,Michelle Harrison,Actress,Paycheck (2003)
03-24,27,Amir Arison,Actor,The Blacklist (2013–2023)
03-24,28,Nicholas Campbell,Actor,Da Vinci's Inquest (1998–2005)
03-24,29,Curtis Hanson,Director,L.A. Confidential (1997)
03-24,30,C,Actress,Cosmic Sin (2021)
03-24,31,Patrick Malahide,Actor,The World Is Not Enough (1999)
03-24,32,Murray Hamilton,Actor,Jaws (1975)
03-24,33,Dominique Provost-Chalkley,Actor,Avengers: Age of Ultron (2015)
03-24,34,Louie Anderson,Actor,Life with Louie (1994–1998)
03-24,35,Luke Edwards,Actor,Little Big League (1994)
03-24,36,Norman Fell,Actor,Three's Company (1976–1981)
03-24,37,Olivia Burnette,Actress,The Quick and the Dead (1995)
03-24,38,Lynda Baron,Actress,Scoop (2006)
03-24,39,Farrah Aviva,Actress,The Professor (2018)
03-24,40,Richard Conte,Actor,The Godfather (1972)
03-24,41,Laura Chinn,Writer,Grey's Anatomy (2007– )
03-24,42,Robbie Gee,Actor,Snatch (2000)
03-24,43,Jack Bannon,Actor,Pennyworth (2019–2022)
03-24,44,Jud Tylor,Actress,Charlie Wilson's War (2007)
03-24,45,Brianna Cohen,Actress,Orange Is the New Black (2017– )
03-24,46,Sam Daly,Actor,The Office (2009–2010)
03-24,47,Mark Calaway,Actor,Suburban Commando (1991)
03-24,48,Meiko Kaji,Actress,Lady Snowblood (1973)
03-24,49,Jason Wong,Actor,Dungeons & Dragons: Honor Among Thieves (2023)
03-24,50,Neil Grayston,Actor,Warehouse 13 (2010–2011)
03-25,1,Lee Pace,Actor,Guardians of the Galaxy (2014)
03-25,2,Elizabeth Lail,Actress,Five Nights at Freddy's (2023)
03-25,3,Jenny Slate,Actress,Obvious Child (2014)
03-25,4,Kari Matchett,Actress,Cube²: Hypercube (2002)
03-25,5,Katharine McPhee,Actress,Smash (2012–2013)
03-25,6,Seychelle Gabriel,Actress,The Last Airbender (2010)
03-25,7,Bonnie Bedelia,Actress,Die Hard (1988)
03-25,8,Domenick Lombardozzi,Actor,Cold Pursuit (2019)
03-25,9,Sarah Jessica Parker,Actress,Sex and the City (1998–2004)
03-25,10,Cailey Fleming,Actress,Star Wars: Episode VII - The Force Awakens (2015)
03-25,11,Brenda Strong,Actress,Starship Troopers (1997)
03-25,12,Aly Michalka,Actress,Easy A (2010)
03-25,13,Sean Faris,Actor,Never Back Down (2008)
03-25,14,Edgar Ramírez,Actor,Gold (2016)
03-25,15,Mikey Madison,Actress,Once Upon a Time... in Hollywood (2019)
03-25,16,Marcia Cross,Actress,Desperate Housewives (2004–2012)
03-25,17,Matthew Garber,Actor,Mary Poppins (1964)
03-25,18,Maribeth Monroe,Actress,Workaholics (2011–2017)
03-25,19,Jeff Healey,Music Artist,Road House (1989)
03-25,20,David Lean,Editor,Lawrence of Arabia (1962)
03-25,21,Ed Begley,Actor,12 Angry Men (1957)
03-25,22,Matthew Beard,Actor,The Imitation Game (2014)
03-25,23,Richard O'Brien,Actor,The Rocky Horror Picture Show (1975)
03-25,24,Lark Voorhies,Actress,Saved by the Bell (1989–1992)
03-25,25,Paul Michael Glaser,Actor,Starsky and Hutch (1975–1979)
03-25,26,John Stockwell,Actor,Top Gun (1986)
03-25,27,Roberts Blossom,Actor,Escape from Alcatraz (1979)
03-25,28,Pamela Ludwig,Actress,Over the Edge (1979)
03-25,29,LisaGay Hamilton,Actress,The Practice (1997–2003)
03-25,30,Souad Faress,Actress,Dune (2021)
03-25,31,Laz Alonso,Actor,The Boys (2019–2024)
03-25,32,Jean Rogers,Actress,Flash Gordon (1936)
03-25,33,Nate Bargatze,Writer,Nateland Presents | the Showcase (2023– )
03-25,34,Erik Knudsen,Actor,Scott Pilgrim vs. the World (2010)
03-25,35,Randall Emmett,Producer,Silence (2016)
03-25,36,Justin Prentice,Actor,13 Reasons Why (2017–2020)
03-25,37,Ryan O'Nan,Actor,Fargo (2015– )
03-25,38,Patrick Troughton,Actor,The Omen (1976)
03-25,39,Mary Gross,Actress,Saturday Night Live (1981–1985)
03-25,40,Rhianne Barreto,Actress,Share (2019)
03-25,41,Elton John,Music Artist,Kingsman: The Golden Circle (2017)
03-25,42,Alex Moffat,Actor,Holidate (2020)
03-25,43,Amy Pascal,Producer,Spider-Man: Across the Spider-Verse (2023)
03-25,44,Robert O'Reilly,Actor,Star Trek: Deep Space Nine (1994–1999)
03-25,45,Joana Ribeiro,Actress,The Man Who Killed Don Quixote (2018)
03-25,46,Simone Signoret,Actress,Diabolique (1955)
03-25,47,Kiowa Gordon,Actor,Dark Winds (2022–2023)
03-25,48,Lorenzo Richelmy,Actor,Marco Polo (2014–2016)
03-25,49,Jessica Reynolds,Actress,The Curse of Audrey Earnshaw (2020)
03-25,50,Kim Cloutier,Actress,The Cobbler (2014)
03-26,1,Ramy Youssef,Actor,Ramy (2019–2022)
03-26,2,Jonathan Glazer,Director,Under the Skin (2013)
03-26,3,Keira Knightley,Actress,Pirates of the Caribbean: The Curse of the Black Pearl (2003)
03-26,4,Amy Smart,Actress,Starship Troopers (1997)
03-26,5,Giusi Merli,Actress,The Great Beauty (2013)
03-26,6,Jennifer Grey,Actress,Dirty Dancing (1987)
03-26,7,James Caan,Actor,Thief (1981)
03-26,8,Catherine Keener,Actress,Being John Malkovich (1999)
03-26,9,Michael Imperioli,Actor,The Sopranos (1999–2007)
03-26,10,Leslie Mann,Actress,Knocked Up (2007)
03-26,11,Jonathan Groff,Actor,Frozen (2013)
03-26,12,Alan Arkin,Actor,Argo (2012)
03-26,13,Martin Short,Actor,Innerspace (1987)
03-26,14,Jess Bush,Actress,Star Trek: Strange New Worlds (2022–2023)
03-26,15,Bianca Kajlich,Actress,Halloween: Resurrection (2002)
03-26,16,Martin McDonagh,Writer,In Bruges (2008)
03-26,17,T,Actor,The Flight Attendant (2020–2022)
03-26,18,Leonard Nimoy,Actor,Star Trek IV: The Voyage Home (1986)
03-26,19,Natasha Leggero,Actress,He's Just Not That Into You (2009)
03-26,20,Sterling Hayden,Actor,Dr. Strangelove or: How I Learned to Stop Worrying and Love the Bomb (1964)
03-26,21,Eric Allan Kramer,Actor,Lodge 49 (2018–2019)
03-26,22,Tinto Brass,Actor,Vacation (1971)
03-26,23,Carly Chaikin,Actress,Mr. Robot (2015–2019)
03-26,24,Johnny Crawford,Actor,The Rifleman (1958–1963)
03-26,25,Joe Anderson,Actor,Across the Universe (2007)
03-26,26,Lucas Bravo,Actor,Ticket to Paradise (2022)
03-26,27,Vicki Lawrence,Actress,The Carol Burnett Show (1967–1978)
03-26,28,Ella Anderson,Actress,Suncoast (2024)
03-26,29,Bhad Bhabie,Actress,Drugstore June (2024)
03-26,30,Floriana Lima,Actress,The Punisher (2019– )
03-26,31,Francis Lawrence,Director,The Hunger Games: Catching Fire (2013)
03-26,32,Strother Martin,Actor,Slap Shot (1977)
03-26,33,Choi Woo-sik,Actor,Parasite (2019)
03-26,34,Emily Tosta,Actress,Mayans M.C. (2018–2023)
03-26,35,Will Wright,Actor,The Blue Dahlia (1946)
03-26,36,Charlene McKenna,Actress,Raw (2008–2013)
03-26,37,Haley Ramm,Actress,Disconnect (2012)
03-26,38,Neal Bledsoe,Actor,The Man in the High Castle (2015– )
03-26,39,Marita Geraghty,Actress,Groundhog Day (1993)
03-26,40,Diana Ross,Music Artist,The Wiz (1978)
03-26,41,Billy Warlock,Actor,Days of Our Lives (1986–2006)
03-26,42,Ilia Isorelýs Paulino,Actor,Me Time (2022)
03-26,43,Nina Agdal,Actress,Don Jon (2013)
03-26,44,Paige Spiranac,Actress,Risky Biz (2018– )
03-26,45,Sara Jean Underwood,Actress,Epic Movie (2007)
03-26,46,Alan Silvestri,Composer,The Polar Express (2004)
03-26,47,Steven Tyler,Actor,Be Cool (2005)
03-26,48,Heather Goldenhersh,Actress,The Merchant of Venice (2004)
03-26,49,Alicia Lagano,Actress,ParaNorman (2012)
03-26,50,Gary Hudson,Actor,Road House (1989)
03-27,1,Quentin Tarantino,Writer,Reservoir Dogs (1992)
03-27,2,Nathan Fillion,Actor,Castle (2009–2016)
03-27,3,Pauley Perrette,Actress,NCIS (2003–2024)
03-27,4,Holliday Grainger,Actress,Cinderella (2015)
03-27,5,Elizabeth Mitchell,Actress,Running Scared (2006)
03-27,6,Brenda Song,Actress,Dollface (2019–2022)
03-27,7,Halle Bailey,Actress,The Little Mermaid (2023)
03-27,8,Sophie Nélisse,Actress,The Book Thief (2013)
03-27,9,Talisa Soto,Actress,Mortal Kombat (1995)
03-27,10,Julian Glover,Actor,Indiana Jones and the Last Crusade (1989)
03-27,11,Michael York,Actor,Logan's Run (1976)
03-27,12,Stephen Dillane,Actor,The Hours (2002)
03-27,13,Anne Ramsey,Actress,The Goonies (1985)
03-27,14,Kevin Corrigan,Actor,True Romance (1993)
03-27,15,Rosabell Laurenti Sellers,Actress,Balancing Act (2012)
03-27,16,Austin Pendleton,Actor,Short Circuit (1986)
03-27,17,Gloria Swanson,Actress,Sunset Blvd. (1950)
03-27,18,Kenny Doughty,Actor,Vera (2015–2023)
03-27,19,James McCaffrey,Actor,Max Payne 3 (2012)
03-27,20,Natasha Calis,Actress,The Possession (2012)
03-27,21,Adrian Rawlins,Actor,Harry Potter and the Deathly Hallows: Part 2 (2011)
03-27,22,Coral Peña,Actress,The Post (2017)
03-27,23,Louise Brealey,Actress,Brian and Charles (2022)
03-27,24,Fergie,Music Artist,Nine (2009)
03-27,25,Caroline Williams,Actress,Renfield (2023)
03-27,26,Sandra Hess,Actress,Mortal Kombat: Annihilation (1997)
03-27,27,Francie Swift,Actress,Two Weeks Notice (2002)
03-27,28,David Janssen,Actor,The Green Berets (1968)
03-27,29,Blake Ewing,Music Department,The Little Rascals (1994)
03-27,30,Maria Schneider,Actress,Last Tango in Paris (1972)
03-27,31,Ram Charan,Actor,RRR (2022)
03-27,32,Mariah Carey,Music Artist,Glitter (2001)
03-27,33,Bevin Bru,Actress,Batwoman (2021– )
03-27,34,Richard Denning,Actor,An Affair to Remember (1957)
03-27,35,Benjamin Koldyke,Actor,Thirteen Days (2000)
03-27,36,Nobuko Miyamoto,Actress,A Taxing Woman (1987)
03-27,37,Brian Tarantina,Actor,Summer of Sam (1999)
03-27,38,Paula Trickey,Actress,The Christmas Trap (2018)
03-27,39,Taylor Atelian,Actress,According to Jim (2001–2009)
03-27,40,Ashley Bank,Actress,The Monster Squad (1987)
03-27,41,Aoi Yûki,Actress,Your Name. (2016)
03-27,42,Bonnie Gordon,Actress,Star Trek: Prodigy (2021–2022)
03-27,43,Amelia Crouch,Actress,The Huntsman: Winter's War (2016)
03-27,44,Bernard Curry,Actor,Wentworth (2016–2021)
03-27,45,Jonathan Entwistle,Producer,The End of the F***ing World (2017–2019)
03-27,46,Michael Vlamis,Actor,"Roswell, New Mexico (2019–2022)"
03-27,47,Lalisa Manoban,Actress,Lisa: Lalisa (2021)
03-27,48,Romesh Ranganathan,Producer,Cinderella (2021)
03-27,49,Tom Sullivan,Actor,Airport '77 (1977)
03-27,50,Mary Treen,Actress,It's a Wonderful Life (1946)
03-28,1,Ian Ousley,Actor,Avatar: The Last Airbender (2024– )
03-28,2,Annie Wersching,Actress,The Last of Us (2013)
03-28,3,Julia Stiles,Actress,10 Things I Hate About You (1999)
03-28,4,Vince Vaughn,Producer,The Break-Up (2006)
03-28,5,Maya Le Clark,Actress,The Suicide Squad (2021)
03-28,6,Lady Gaga,Music Artist,A Star Is Born (2018)
03-28,7,Dianne Wiest,Actress,The Birdcage (1996)
03-28,8,Flula Borg,Actor,The Suicide Squad (2021)
03-28,9,Orla Brady,Actress,The Foreigner (2017)
03-28,10,Reba McEntire,Music Artist,Reba (2001–2007)
03-28,11,Conchata Ferrell,Actress,Two and a Half Men (2003–2015)
03-28,12,Laura Harrier,Actress,Spider-Man: Homecoming (2017)
03-28,13,Nick Frost,Actor,The World's End (2013)
03-28,14,Alexandra Billings,Actress,The Peripheral (2022– )
03-28,15,Albert S,Writer,Million Dollar Baby (2004)
03-28,16,Richard Kelly,Writer,Donnie Darko (2001)
03-28,17,Brett Ratner,Producer,Red Dragon (2002)
03-28,18,Meaghan Oppenheimer,Writer,Broken (2016)
03-28,19,Ken Howard,Actor,Rambo (2008)
03-28,20,Shanna Moakler,Actress,The Wedding Singer (1998)
03-28,21,Max Perlich,Actor,Beautiful Girls (1996)
03-28,22,Cassidey Fralin,Actress,The Stepdaughter (2024)
03-28,23,Ryan Simpkins,Actress,Fear Street: Part Two - 1978 (2021)
03-28,24,Megan Suri,Actress,Never Have I Ever (2021–2023)
03-28,25,Dirk Bogarde,Actor,The Servant (1963)
03-28,26,Chris Barrie,Actor,Lara Croft: Tomb Raider (2001)
03-28,27,Stephen Ure,Actor,The Lord of the Rings: The Return of the King (2003)
03-28,28,Dan Petronijevic,Actor,Flatliners (2017)
03-28,29,Tracey Needham,Actress,The Division (2001–2003)
03-28,30,Freddie Bartholomew,Producer,Captains Courageous (1937)
03-28,31,Daisy Bevan,Actress,Too Much
03-28,32,Mike Newell,Director,Four Weddings and a Funeral (1994)
03-28,33,Amy Huberman,Actress,The Bachelor Weekend (2013)
03-28,34,Radu Jude,Director,Everybody in Our Family (2012)
03-28,35,Theo Germaine,Actor,The Politician (2019–2020)
03-28,36,Belén López,Actress,15 Years and One Day (2013)
03-28,37,Mandy Moore,Additional Crew,Bubble Boy (2001)
03-28,38,Luke Roessler,Actor,Dead to Me (2019–2022)
03-28,39,Paul Eiding,Actor,The Transformers: The Movie (1986)
03-28,40,Vica Kerekes,Actress,Tall Tales (2019)
03-28,41,Jimmy Wong,Actor,John Dies at the End (2012)
03-28,42,Beverley Callard,Actress,Coronation Street (1984–2020)
03-28,43,Natalie Lander,Actress,The Middle (2011–2017)
03-28,44,Laurie Brett,Actress,EastEnders (2004–2017)
03-28,45,Siena Goines,Actress,Westworld (2020– )
03-28,46,Amaia Salamanca,Actress,Sin tetas no hay paraíso (2008–2009)
03-28,47,Nikki Sanderson,Actress,Hollyoaks (2012–2024)
03-28,48,Gareth David-Lloyd,Actor,Torchwood (2006–2009)
03-28,49,Srdjan 'Zika' Todorovic,Actor,A Serbian Film (2010)
03-28,50,Chitrangda Singh,Actress,Hazaaron Khwaishein Aisi (2003)
03-29,1,Ed Skrein,Actor,Deadpool (2016)
03-29,2,Lucy Lawless,Actress,Xena: Warrior Princess (1995–2001)
03-29,3,Brendan Gleeson,Actor,The Guard (2011)
03-29,4,Annabella Sciorra,Actress,The Hand That Rocks the Cradle (1992)
03-29,5,Christopher Lambert,Actor,Highlander (1986)
03-29,6,Marina Sirtis,Actress,Star Trek: The Next Generation (1987–1994)
03-29,7,Amy Sedaris,Actress,Elf (2003)
03-29,8,Perry Mattfeld,Actress,In the Dark (2019–2022)
03-29,9,Terence Hill,Actor,"Watch Out, We're Mad (1974)"
03-29,10,Scott Wilson,Actor,The Ninth Configuration (1980)
03-29,11,Maggie Baird,Actress,Life Inside Out (2013)
03-29,12,Sam Hazeldine,Actor,Slow Horses (2022– )
03-29,13,Hayley McFarland,Actress,The Conjuring (2013)
03-29,14,Elle Macpherson,Producer,The Edge (1997)
03-29,15,Joe Adler,Actor,The Maze Runner (2014)
03-29,16,Chris Massoglia,Actor,Cirque du Freak: The Vampire's Assistant (2009)
03-29,17,Sabrina Impacciatore,Actress,The Passion of the Christ (2004)
03-29,18,Bud Cort,Actor,Harold and Maude (1971)
03-29,19,Eileen Heckart,Actress,The Bad Seed (1956)
03-29,20,Jill Goodacre,Actress,Friends (1994– )
03-29,21,Eric Idle,Actor,Monty Python and the Holy Grail (1975)
03-29,22,Thaddea Graham,Actress,Us (2020– )
03-29,23,Dianne Kay,Actress,1941 (1979)
03-29,24,Todd Grinnell,Actor,Hollywoodland (2006)
03-29,25,Megan Hilty,Actress,Smash (2012–2013)
03-29,26,Shary Marshall,Actress,Ben Casey (1965– )
03-29,27,Vijay Varma,Actor,Gully Boy (2019)
03-29,28,Kim Tae-hee,Actress,The Restless (2006)
03-29,29,Jay Ali,Actor,Clock (2023)
03-29,30,Victor Salva,Writer,Powder (1995)
03-29,31,Barry Pearl,Actor,Grease (1978)
03-29,32,Chris Tardio,Actor,Power Book IV: Force (2023– )
03-29,33,Chris D'Elia,Actor,Celeste & Jesse Forever (2012)
03-29,34,Michael-Leon Wooley,Actor,AJ and the Queen (2020– )
03-29,35,Paul Herman,Actor,American Hustle (2013)
03-29,36,Chad Rook,Actor,Joe Pickett (2021–2023)
03-29,37,Michael Winterbottom,Director,A Mighty Heart (2007)
03-29,38,Peter Porte,Actor,The Young and the Restless (2011–2012)
03-29,39,Rolf Lassgård,Actor,A Man Called Ove (2015)
03-29,40,Christopher Thornton,Actor,Sympathy for Delicious (2010)
03-29,41,Arón Piper,Actor,15 Years and One Day (2013)
03-29,42,Alex Neustaedter,Actor,A-X-L (2018)
03-29,43,Arthur O'Connell,Actor,Anatomy of a Murder (1959)
03-29,44,Bryan Chafin,Actor,The Patriot (2000)
03-29,45,Alain Moussi,Stunts,King of Killers (2023)
03-29,46,Michel Hazanavicius,Writer,The Artist (2011)
03-29,47,Alexander Fehling,Actor,Inglourious Basterds (2009)
03-29,48,Barry Jackson,Actor,Wimbledon (2004)
03-29,49,Ryan Lambert,Actor,The Monster Squad (1987)
03-29,50,Sean Kleier,Actor,Ant-Man and the Wasp (2018)
03-30,1,Katy Mixon,Actress,Hell or High Water (2016)
03-30,2,Warren Beatty,Actor,Reds (1981)
03-30,3,Shaun Dooley,Actor,Kandahar Break (2009)
03-30,4,Simone Ashley,Actress,Sex Education (2019–2021)
03-30,5,Helena Mattsson,Actress,Surrogates (2009)
03-30,6,Fiona Gubelmann,Actress,Royally Ever After (2018)
03-30,7,Robbie Coltrane,Actor,Cracker (1993–2006)
03-30,8,Gideon Adlon,Actress,Blockers (2018)
03-30,9,Jason Dohring,Actor,Veronica Mars (2014)
03-30,10,Paul Reiser,Actor,Mad About You (1992–2019)
03-30,11,Lillo Brancato,Actor,A Bronx Tale (1993)
03-30,12,John Astin,Actor,The Frighteners (1996)
03-30,13,Cha Eun-woo,Actor,My ID Is Gangnam Beauty (2018– )
03-30,14,Mili Avital,Actress,Stargate (1994)
03-30,15,Mark Consuelos,Actor,All My Children (1995–2010)
03-30,16,Juliet Landau,Actress,A Place Among the Dead (2020)
03-30,17,Jessica Cauffiel,Actress,Legally Blonde (2001)
03-30,18,Cassandra Scerbo,Actress,Grand Hotel (2019– )
03-30,19,Winter Ave Zoli,Actress,Hellboy (2004)
03-30,20,Tessa Ferrer,Actress,Insidious: The Last Key (2018)
03-30,21,Patrick Brammall,Actor,Colin from Accounts (2022– )
03-30,22,Donna D'Errico,Actress,Frank and Penelope (2022)
03-30,23,Jannis Niewöhner,Actor,Munich: The Edge of War (2021)
03-30,24,Ian Ziering,Actor,Sharknado 4: The 4th Awakens (2016)
03-30,25,Maurice LaMarche,Actor,Futurama (1999–2023)
03-30,26,Lex Medlin,Actor,The Hot Sand (2005)
03-30,27,Pete Holmes,Actor,CollegeHumor Originals (2009–2014)
03-30,28,Vincenzo Amato,Actor,Unbroken (2014)
03-30,29,Gabrielle Drake,Actress,UFO (1970–1971)
03-30,30,Céline Dion,Music Artist,Titanic (1997)
03-30,31,Almudena Amor,Actress,The Grandmother (2021)
03-30,32,Kenneth Welsh,Actor,The Day After Tomorrow (2004)
03-30,33,Norah Jones,Music Artist,Ted (2012)
03-30,34,Jose Pablo Cantillo,Actor,Crank (2006)
03-30,35,Dana Gillespie,Actress,Mahler (1974)
03-30,36,Anitta,Music Artist,Anitta: Envolver (2021)
03-30,37,Matt Doran,Actor,The Matrix (1999)
03-30,38,Richard Dysart,Actor,The Thing (1982)
03-30,39,Irina Starshenbaum,Actress,Attraction (2017)
03-30,40,Elisabeth Waterston,Actress,The Prince and Me (2004)
03-30,41,Alexej Manvelov,Actor,Tom Clancy's Jack Ryan (2022– )
03-30,42,Eric Clapton,Music Artist,Lethal Weapon 3 (1992)
03-30,43,Turhan Bey,Actor,The Mummy's Tomb (1942)
03-30,44,Olwen Catherine Kelly,Actress,The Autopsy of Jane Doe (2016)
03-30,45,Bahar Soomekh,Actress,Saw III (2006)
03-30,46,Herbert Anderson,Actor,Battleground (1949)
03-30,47,Deena Dill,Actress,Ambitions (2019– )
03-30,48,Allie Gonino,Actress,The Lying Game (2011–2013)
03-30,49,Lisa Harrison,Actress,Superman Returns (2006)
03-30,50,Corey Cott,Actor,The Mascot
03-31,1,Ewan McGregor,Actor,Moulin Rouge! (2001)
03-31,2,Christopher Walken,Actor,The Deer Hunter (1978)
03-31,3,Richard Chamberlain,Actor,The Towering Inferno (1974)
03-31,4,Kate Micucci,Actress,When in Rome (2010)
03-31,5,Liza Koshy,Actress,Transformers: Rise of the Beasts (2023)
03-31,6,Ruby Cruz,Actress,Mare of Easttown (2021– )
03-31,7,Rhea Perlman,Actress,Cheers (1982–1993)
03-31,8,Damon Herriman,Actor,Justified (2010–2015)
03-31,9,Jessica Szohr,Actress,Two Night Stand (2014)
03-31,10,Phil Dunster,Actor,Ted Lasso (2020–2023)
03-31,11,Brian Tyree Henry,Actor,Spider-Man: Into the Spider-Verse (2018)
03-31,12,Shirley Jones,Actress,The Music Man (1962)
03-31,13,Ryan Bingham,Actor,Crazy Heart (2009)
03-31,14,Victoria Smurfit,Actress,Bulletproof Monk (2003)
03-31,15,Chloé Zhao,Director,Nomadland (2020)
03-31,16,William Daniels,Actor,St. Elsewhere (1982–1988)
03-31,17,Jack Antonoff,Music Department,"Love, Simon (2018)"
03-31,18,Michael Cyril Creighton,Actor,Spotlight (2015)
03-31,19,Daniel Mays,Actor,The Bank Job (2008)
03-31,20,Caitlin Carver,Actress,Chicago Fire (2022–2023)
03-31,21,Erica Tazel,Actress,Justified (2010–2015)
03-31,22,William McNamara,Actor,Copycat (1995)
03-31,23,Jonathan Stoddard,Actor,Furry Little Christmas (2021)
03-31,24,Edward Lachman,Cinematographer,Far from Heaven (2002)
03-31,25,Alejandro Amenábar,Writer,The Others (2001)
03-31,26,Mark Coulier,Make-Up Department,Poor Things (2023)
03-31,27,Judith Shekoni,Actress,The Twilight Saga: Breaking Dawn - Part 2 (2012)
03-31,28,Melissa Ordway,Actress,17 Again (2009)
03-31,29,Gabe Kaplan,Writer,"Welcome Back, Kotter (1975–1979)"
03-31,30,Richard Kiley,Actor,Jurassic Park (1993)
03-31,31,Beth Goddard,Actress,X-Men: First Class (2011)
03-31,32,Marc McClure,Actor,Back to the Future (1985)
03-31,33,Kellee Stewart,Actress,Guess Who (2005)
03-31,34,Tony Cox,Actor,Bad Santa (2003)
03-31,35,Michelle Nicastro,Actress,The Swan Princess (1994)
03-31,36,Peggy Rea,Actress,Grace Under Fire (1993–1998)
03-31,37,Adrian Holmes,Actor,The Cabin in the Woods (2011)
03-31,38,Ed Marinaro,Actor,Dynasty (1989– )
03-31,39,Paul Mercurio,Actor,Strictly Ballroom (1992)
03-31,40,Austin Highsmith Garces,Actress,Dolphin Tale (2011)
03-31,41,Josh Saviano,Actor,The Wonder Years (1988–1993)
03-31,42,Valerie Curtin,Actress,And Justice for All (1979)
03-31,43,Patrick Magee,Actor,A Clockwork Orange (1971)
03-31,44,Victoria Cartagena,Actress,Batwoman (2021–2022)
03-31,45,Roy Andersson,Director,A Love Story (1970)
03-31,46,Kathleen O'Malley,Actress,Black Sheep (1996)
03-31,47,Steven Rales,Producer,Fantastic Mr. Fox (2009)
03-31,48,Aissa Wayne,Actress,McLintock! (1963)
03-31,49,Eddie Quillan,Actor,Mutiny on the Bounty (1935)
03-31,50,Ahn Jae-hong,Actor,The King of Jokgu (2013)
